date,TEMP,pH,Cond,TD,DO,Mn,TP,NH3
01/01/2011,12,6.97,98,40.5,6.36,2.28,0.09,0.17
01/02/2011,11.7,6.97,98,40.8,6.4,2.06,0.09,0.21
01/03/2011,11.4,6.97,93,53.4,6.64,1.81,0.08,0.15
01/04/2011,9.9,6.96,95,33.5,6.39,2.38,0.09,0.2
01/05/2011,9.2,7.01,99,32.2,6.5,2.23,0.08,0.22
01/06/2011,9.9,6.97,98,32.9,6.74,1.74,0.07,0.13
01/07/2011,9.2,6.93,102,22.4,7.02,1.69,0.09,0.19
01/08/2011,9.6,6.97,104,35.1,7.26,1.79,0.07,0.27
01/09/2011,11.9,6.92,103,25.5,6.13,1.61,0.08,0.18
01/10/2011,12.3,6.96,102,30.9,6.66,1.9,0.06,0.08
01/11/2011,10.7,6.99,97,36.1,7.15,3.73,0.09,0.12
01/12/2011,9.3,6.95,97,34.5,7.66,2.33,0.08,0.13
01/13/2011,9.2,6.98,95,42,8.01,3.05,0.1,0.14
01/14/2011,10.5,6.95,98,30.9,7.01,3.05,0.07,0.13
01/15/2011,11.2,6.94,98,27.2,6.61,3.41,0.08,0.13
01/16/2011,9.1,6.93,93,39.6,7.51,3.4,0.12,0.23
01/17/2011,9.1,6.92,96,31.9,7.07,2.97,0.08,0.22
01/18/2011,10,6.93,95,37.6,7.55,2.64,0.08,0.11
01/19/2011,10.8,6.9,99,33.5,7.4,2.96,0.09,0.13
01/20/2011,10.6,6.86,100,31.8,7,3,0.08,0.12
01/21/2011,9.2,6.8,99,32.6,7.32,2.92,0.07,0.07
01/22/2011,9.4,6.76,99,35.8,7.44,3.62,0.12,0.14
01/23/2011,9.9,6.7,97,35.6,7.19,3.35,0.09,0.15
01/24/2011,10,6.66,99,35.9,7.16,3.18,0.07,0.08
01/25/2011,9.7,6.61,98,34.8,7.31,3.27,0.07,0.12
01/26/2011,9.5,6.54,101,33.5,7.08,3.56,0.08,0.21
01/27/2011,9.9,6.51,102,34.8,6.55,3.54,0.08,0.15
01/28/2011,10.4,6.47,98,20.5,6.46,3.38,0.07,0.09
01/29/2011,9.3,6.52,101,29.8,7.39,3.74,0.08,0.13
01/30/2011,8.2,6.53,102,33.8,7.83,3.51,0.08,0.13
01/31/2011,8.7,6.54,101,27.8,7.65,3.3,0.07,0.15
02/01/2011,9.8,6.58,102,31.4,7.02,3.25,0.07,0.11
02/02/2011,9.8,6.63,102,32.5,7.37,3.93,0.09,0.19
02/03/2011,9.9,6.69,102,32,7.27,3.8,0.08,0.14
02/04/2011,11.9,6.72,99,26.5,6.61,3.53,0.07,0.09
02/05/2011,13.7,6.75,97,24.9,6.31,3.37,0.07,0.09
02/06/2011,15.2,6.77,97,26.2,6.04,4.03,0.09,0.14
02/07/2011,16.5,6.76,92,23.2,5.82,3.61,0.07,0.1
02/08/2011,18.3,6.7,89,21.4,4.93,3.93,0.09,0.22
02/09/2011,18.5,6.72,84,17.5,5.33,3.33,0.07,0.1
02/10/2011,18,6.7,85,21.4,5.31,3.71,0.07,0.13
02/11/2011,15,6.72,88,22.1,6.08,3.49,0.06,0.06
02/12/2011,12.8,6.66,84,23.9,7.15,3.52,0.07,0.13
02/13/2011,12.2,6.61,81,26.9,7.39,3.5,0.07,0.11
02/14/2011,10.7,6.57,83,23.8,7.62,3.57,0.08,0.14
02/15/2011,9.5,6.53,84,27.1,7.88,3.53,0.08,0.12
02/16/2011,9.1,6.51,87,35.2,8.35,3.64,0.09,0.17
02/17/2011,9.8,6.46,94,31,7.87,3.38,0.08,0.15
02/18/2011,10.4,6.45,94,35.4,8.13,3.63,0.1,0.22
02/19/2011,10.6,6.39,86,33.5,7.97,3.5,0.1,0.2
02/20/2011,11.3,6.38,88,37,8.41,3.31,0.08,0.11
02/21/2011,12.5,6.37,89,32.1,7.24,3.34,0.08,0.11
02/22/2011,13.2,6.39,87,37.5,8.09,3.93,0.12,0.12
02/23/2011,14.6,6.4,89,25.6,6.87,3.71,0.08,0.14
02/24/2011,15,6.38,87,19.2,6.19,3.6,0.07,0.12
02/25/2011,16.2,6.36,86,19.5,5.57,3.54,0.07,0.13
02/26/2011,16.4,5.61,79,16.8,4.19,3.68,0.07,0.17
02/27/2011,8.9,2.54,29,15,2.42,3.29,0.07,0.09
02/28/2011,23,6.29,86,26.4,5.45,3.85,0.09,0.12
03/01/2011,22.4,6.43,92,27.4,5.71,1.78,0.07,0.13
03/02/2011,17.5,6.33,89,30.2,6.68,2.2,0.07,0.11
03/03/2011,15.4,6.36,91,29.8,7.01,1.97,0.07,0.07
03/04/2011,13.6,6.31,89,29,7.48,1.81,0.07,0.08
03/05/2011,13.2,6.3,92,25.9,6.89,2.54,0.07,0.1
03/06/2011,13.9,6.3,99,29.2,7.16,1.83,0.06,0.08
03/07/2011,14.4,6.27,98,26,7.05,1.62,0.05,0.07
03/08/2011,14.2,6.25,100,30.1,7.21,1.47,0.06,
03/09/2011,14.6,6.2,102,29.5,7.02,1.46,0.06,
03/10/2011,15.2,6.16,105,24.1,6.69,1.57,0.05,0.28
03/11/2011,15.2,6.13,107,32.5,6.78,1.74,0.07,0.43
03/12/2011,14.4,6.1,105,28.1,7.24,1.64,0.06,0.09
03/13/2011,15.2,6.05,102,27,6.97,1.73,0.06,0.09
03/14/2011,18,6,102,26.5,6.34,1.92,0.06,0.1
03/15/2011,19.5,5.99,99,26.4,6.14,2.17,0.06,0.1
03/16/2011,15.1,6.15,111,32.5,7.01,2.83,0.08,0.13
03/17/2011,14.6,6.33,118,33.2,7.25,2.44,0.07,0.06
03/18/2011,14.6,6.38,122,30.1,7.34,2.88,0.08,0.11
03/19/2011,13.5,6.35,124,32.4,7.66,2.69,0.09,
03/20/2011,15.6,6.26,108,53.9,6.79,2.9,0.14,
03/21/2011,20.8,6.17,95,44.2,5.2,2.31,0.1,
03/22/2011,19.9,6.23,99,47.8,6.87,3.09,0.12,0.11
03/23/2011,15.3,6.31,112,48.2,8.74,2.47,0.11,0.07
03/24/2011,14.6,6.22,114,43.5,8.95,2.68,0.13,0.13
03/25/2011,15.8,6.2,113,32.9,8.6,2.63,0.12,0.08
03/26/2011,15.7,6.16,119,35.6,8.97,2.51,0.1,0.06
03/27/2011,12.7,5.35,108,31.8,8.95,2.21,0.09,0.05
03/28/2011,14.2,6.05,126,25.7,6.67,2.23,0.06,
03/29/2011,,,,,,,,
03/30/2011,,,,,,,,
03/31/2011,,,,,,,,
04/01/2011,0.25,0.25,0.25,0.25,0.25,,0.08,0.51
04/02/2011,7.8,6.36,39,8.4,3.83,0.25,0.03,0.19
04/03/2011,17.2,7.56,147,77.8,8.7,1.13,0.08,0.2
04/04/2011,11.9,7.29,148,56.5,6.06,1.99,0.07,0.28
04/05/2011,14.9,7.12,181,96.6,6.15,2.38,0.08,0.44
04/06/2011,15.5,7.12,189,75.3,6.07,2.43,0.08,0.45
04/07/2011,16.3,7.12,199,13.8,5.53,2.46,0.07,0.38
04/08/2011,16.4,7.19,192,124.7,4.61,2.37,0.08,0.17
04/09/2011,16.3,7.1,198,286.6,5.19,2.62,0.07,0.17
04/10/2011,16,7.1,127,126.2,5.3,2.22,0.06,0.14
04/11/2011,20.7,6.93,176,30.2,6.77,3.54,0.05,0.14
04/12/2011,20.2,6.78,170,20.7,6.32,3.86,0.05,0.15
04/13/2011,20.2,6.5,178,22.5,5.22,2.62,0.06,0.18
04/14/2011,21.1,6.35,188,16.1,5.29,2.31,0.06,0.18
04/15/2011,22.2,6.47,187,19.8,6.71,3.04,0.06,0.14
04/16/2011,22.7,6.57,195,35.2,6.56,3.12,0.06,0.12
04/17/2011,21.9,6.42,193,21.8,5.53,3.31,0.07,0.17
04/18/2011,10.7,3.33,93,7.9,2.31,1.54,0.03,0.11
04/19/2011,23.7,6.77,190,33.4,8.55,3.95,0.08,0.11
04/20/2011,22.7,7.07,189,10.1,7.8,2.89,0.06,0.16
04/21/2011,22.7,6.98,189,3.3,7.61,5.11,0.07,0.16
04/22/2011,22.5,6.74,200,3.6,5.9,4.77,0.07,0.19
04/23/2011,24.7,7.2,224,15.2,8.32,7.04,0.09,0.46
04/24/2011,23.1,6.71,214,7.7,6.26,5.32,0.07,0.44
04/25/2011,24.2,6.93,230,6.9,5.83,4.65,0.06,0.09
04/26/2011,24.7,7.01,242,2.8,5.79,4.5,0.06,0.09
04/27/2011,25.6,6.9,246,6.1,5.46,4.57,0.07,0.09
04/28/2011,25.5,6.79,245,8.7,4.85,3.5,0.08,0.13
04/29/2011,25,6.82,236,29.8,3.64,3.5,0.07,0.15
04/30/2011,24.6,6.86,246,28.8,2.97,3.65,0.07,0.17
05/01/2011,25.9,6.76,261,26,3.23,4.31,0.08,0.2
05/02/2011,24.4,6.68,238,30.2,2.98,2.68,0.08,0.17
05/03/2011,23.2,6.59,250,42,3.79,2.28,0.09,0.24
05/04/2011,22.6,6.76,205,88.3,4.19,2.19,0.12,0.32
05/05/2011,22.9,6.73,178,56.3,4.73,2.24,0.11,0.3
05/06/2011,23.1,6.64,176,56.9,4.53,2.43,0.09,0.21
05/07/2011,23.6,6.59,167,68.4,4.07,2.55,0.08,0.15
05/08/2011,23.9,6.54,156,46.6,3.85,2.65,0.09,0.16
05/09/2011,24.4,6.43,155,48.6,4.78,2.98,0.09,0.14
05/10/2011,24.4,6.45,162,43.7,4.49,2.54,0.09,0.1
05/11/2011,24.6,6.35,146,36.4,4.93,1.66,0.09,0.07
05/12/2011,24.4,6.35,155,33.1,4.85,1.94,0.07,0.08
05/13/2011,23.4,6.36,144,65.9,4.71,2.04,0.07,0.07
05/14/2011,23,6.22,131,58,4.55,1.72,0.07,0.07
05/15/2011,14.8,4.29,84,40.5,4.11,1.93,0.05,0.13
05/16/2011,22,6.35,119,69.8,6.82,2.35,0.08,0.15
05/17/2011,23,6.29,119,84,6.17,1.73,0.08,0.18
05/18/2011,23.4,6.31,115,68.3,6.09,1.87,0.08,0.18
05/19/2011,24.4,6.3,115,56.4,6.12,1.66,0.07,0.12
05/20/2011,25.6,6.26,118,53.4,5.94,1.55,0.07,
05/21/2011,23.6,6.18,112,61.8,6.02,1.73,0.07,0.05
05/22/2011,25.1,6,112,56.7,6.02,1.46,0.06,0.09
05/23/2011,23.5,6.12,110,48,6.02,1.26,0.06,0.05
05/24/2011,22.6,6.05,119,41.2,5.98,1.19,0.06,0.06
05/25/2011,23.5,6.78,121,34.1,6.11,1.5,0.07,0.06
05/26/2011,24,6.29,128,32.7,5.08,1.64,0.06,0.09
05/27/2011,24,7.23,128,32.9,5.45,1.81,0.06,0.08
05/28/2011,24.4,7.16,124,31.4,5.07,1.73,0.06,0.07
05/29/2011,24.7,7.22,127,31.2,5.17,1.86,0.06,0.05
05/30/2011,25.1,7.23,125,38.7,4.85,1.83,0.06,0.07
05/31/2011,26.1,7.38,134,23,5.14,2.08,0.06,0.05
06/01/2011,27.1,7.52,133,26,6.07,2.4,0.05,
06/02/2011,26.2,7.6,133,26.5,6.12,2.44,0.05,
06/03/2011,25.2,7.2,136,27.7,5.38,1.91,0.06,
06/04/2011,26.3,7.11,147,24.3,5.26,2.02,0.06,
06/05/2011,26.2,7.03,153,22.1,4.96,2.09,0.05,
06/06/2011,26.9,6.98,154,35.1,4.67,2.12,0.06,0.05
06/07/2011,26.6,6.9,157,23,4.35,2.03,0.06,
06/08/2011,27,6.77,156,23.5,4.18,1.93,0.06,0.06
06/09/2011,27.7,6.97,160,39.5,4.57,2.07,0.06,0.28
06/10/2011,28.2,7.2,159,27.9,5.09,2.17,0.05,
06/11/2011,28.1,7.25,162,24.5,4.95,2.09,0.05,
06/12/2011,23.9,6.29,139,21.8,3.77,2.1,0.05,
06/13/2011,19.2,4.87,112,61.2,2.95,1.79,0.05,0.06
06/14/2011,28.2,7.25,174,54.3,4.44,2.21,0.07,0.05
06/15/2011,28.8,7.28,183,16.6,4.02,1.79,0.07,0.25
06/16/2011,29.1,7.32,187,25.6,4.21,1.88,0.09,0.26
06/17/2011,29,7.38,186,30.1,4.17,2.36,0.08,0.26
06/18/2011,29.6,7.39,197,15.2,3.8,1.83,0.08,0.24
06/19/2011,30,7.45,195,22.7,4.32,3.14,0.06,0.19
06/20/2011,30.1,7.2,198,15.2,3.06,2.62,0.06,0.23
06/21/2011,30.3,7.21,203,13.5,3.03,2.61,0.07,0.23
06/22/2011,30.1,7.19,209,13.4,3.55,2.21,0.07,0.29
06/23/2011,30.8,7.29,215,25.2,3.92,2.44,0.07,0.26
06/24/2011,31.2,7.28,211,14.5,4.07,2.28,0.06,0.27
06/25/2011,30.8,7.33,215,15.9,4.23,2.52,0.06,0.27
06/26/2011,30.9,7.22,212,18,3.69,2.4,0.06,0.27
06/27/2011,31,7.35,210,20.2,4.2,2.49,0.06,0.28
06/28/2011,30.4,6.88,205,23.1,3.96,2.45,0.06,0.29
06/29/2011,30.1,6.57,201,31.2,3.62,2.07,0.06,0.34
06/30/2011,30.5,6.65,202,43.7,4.26,2.56,0.06,0.29
07/01/2011,30.8,6.63,195,37.9,4.04,2.35,0.06,0.23
07/02/2011,31.3,6.64,176,27.7,5.49,2.25,0.05,0.16
07/03/2011,31.7,6.69,195,18.2,5.37,1.82,0.04,0.17
07/04/2011,31.4,6.62,197,20.8,5.17,2.07,0.05,0.16
07/05/2011,31.8,6.71,194,28.1,5.65,2.57,0.05,0.15
07/06/2011,32,6.7,198,19.3,5.54,2.41,0.05,0.12
07/07/2011,32,6.54,200,17.1,4.61,2.28,0.05,0.14
07/08/2011,32.2,6.55,201,16.9,4.57,2.52,0.05,0.13
07/09/2011,32,6.54,201,20.5,5.34,2.04,0.04,0.17
07/10/2011,31.8,6.6,198,27.6,5.13,1.81,0.05,0.15
07/11/2011,31.6,6.59,201,13.6,4.64,1.77,0.05,0.13
07/12/2011,31.3,6.54,204,16.3,4.23,1.62,0.05,0.16
07/13/2011,31.5,6.52,201,14.7,3.94,1.5,0.05,0.21
07/14/2011,32,6.57,199,14.2,4.5,1.78,0.06,0.24
07/15/2011,31.3,6.48,203,23.7,4.42,1.89,0.06,0.28
07/16/2011,30.6,6.45,201,15.5,3.64,1.85,0.07,0.34
07/17/2011,30.6,6.42,205,18.1,3.5,1.95,0.06,0.34
07/18/2011,29.8,6.46,194,25,4.32,1.77,0.06,0.29
07/19/2011,30.7,6.55,210,40.2,4.61,1.59,0.06,0.32
07/20/2011,30.2,6.51,192,34.4,4.65,1.51,0.06,0.4
07/21/2011,30,6.47,179,31.7,4.44,1.47,0.06,0.37
07/22/2011,31.2,6.54,176,29.8,5.09,1.63,0.06,0.32
07/23/2011,31.7,6.68,183,37.7,5.45,1.89,0.05,0.27
07/24/2011,32.3,6.78,190,23.1,6.15,2.06,0.05,0.22
07/25/2011,32.6,6.66,194,21,5.47,2.24,0.06,0.23
07/26/2011,32.3,6.6,198,17.1,4.82,2.38,0.06,0.23
07/27/2011,32.7,6.63,202,29.3,4.89,2.31,0.06,0.2
07/28/2011,32.9,6.62,206,17.3,4.8,2.26,0.06,0.21
07/29/2011,32.8,6.58,210,13.1,4.57,2.33,0.06,0.2
07/30/2011,33,6.72,217,17.7,5.8,2.56,0.05,0.17
07/31/2011,32.5,6.61,226,14.2,4.33,2.26,0.05,0.26
08/01/2011,32.9,6.83,231,35.9,5.83,2.63,0.05,0.27
08/02/2011,33.3,6.78,227,18.6,5.96,2.75,0.04,0.26
08/03/2011,33.3,6.65,219,17.8,5.6,2.74,0.04,0.23
08/04/2011,33.2,6.68,220,16.5,5.62,2.74,0.05,0.21
08/05/2011,33.1,6.56,211,28.8,5.03,2.62,0.05,0.24
08/06/2011,33,6.57,200,28.1,4.7,2.34,0.05,0.22
08/07/2011,33,6.51,201,20.2,4.41,2.46,0.05,0.23
08/08/2011,32.5,6.54,211,23.9,3.95,2.16,0.05,0.18
08/09/2011,32,6.51,216,31,3.57,2.02,0.05,0.18
08/10/2011,32.2,6.53,232,38.8,3.23,1.83,0.05,0.22
08/11/2011,32.7,6.53,238,26.1,4.33,2.02,0.05,0.22
08/12/2011,32.5,6.42,222,23,3.71,1.99,0.05,0.19
08/13/2011,32.6,6.49,215,20.9,3.57,1.92,0.05,0.17
08/14/2011,32.7,6.47,217,17.3,3.67,1.88,0.05,0.18
08/15/2011,32.8,6.52,222,34.7,4.31,1.81,0.05,0.18
08/16/2011,32.6,6.56,228,15.6,4.22,1.88,0.05,0.16
08/17/2011,32.7,6.47,229,14.3,4.55,1.84,0.05,0.12
08/18/2011,32.3,6.54,232,15.2,4.84,1.69,0.04,0.08
08/19/2011,32,6.52,224,34.8,4.36,1.54,0.05,0.08
08/20/2011,32.2,6.48,227,15.3,4.44,1.48,0.05,0.07
08/21/2011,32.5,6.52,232,11.8,4.43,1.86,0.05,0.09
08/22/2011,32.7,6.52,238,12.9,4.44,2.16,0.05,0.12
08/23/2011,32.3,6.56,235,22.2,4.74,2.18,0.04,0.13
08/24/2011,31.6,6.48,222,27.8,3.85,2.09,0.05,0.15
08/25/2011,31.5,6.46,222,17.4,3.08,2.2,0.05,0.19
08/26/2011,31.9,6.46,216,13.9,3.33,2.17,0.05,0.18
08/27/2011,32.1,6.52,213,29.1,4.32,2.22,0.04,0.13
08/28/2011,31.8,6.5,203,14.6,4.34,2.12,0.04,0.09
08/29/2011,30.7,6.5,229,14.7,3.33,2.24,0.05,0.13
08/30/2011,30,6.48,228,28.5,3.28,2,0.06,0.22
08/31/2011,29.1,6.44,195,107.3,3.86,2.43,0.07,0.57
09/01/2011,28.9,6.43,177,92,3.46,2.12,0.07,0.62
09/02/2011,28.9,6.37,174,76,3.29,2.02,0.07,0.53
09/03/2011,29.3,6.42,182,58.2,3.35,2.09,0.06,0.37
09/04/2011,29.7,6.44,186,37.9,3.65,1.94,0.06,0.16
09/05/2011,29.5,6.54,180,38.2,4.38,2,0.06,0.08
09/06/2011,30.5,6.75,204,21.8,5.9,1.45,0.06,0.06
09/07/2011,30.7,6.51,205,15.1,5.64,1.54,0.05,0.12
09/08/2011,31.5,6.76,215,18.5,6.93,2.18,0.05,0.08
09/09/2011,31.7,6.8,212,12.9,6.78,1.92,0.04,0.07
09/10/2011,31.3,6.67,210,10.8,5.73,1.71,0.04,0.08
09/11/2011,30.9,6.6,207,4.1,5.14,2.18,0.03,0.08
09/12/2011,30.7,6.55,210,9.9,4.86,2.17,0.03,0.09
09/13/2011,30.7,6.46,206,9.6,5.15,2.12,0.04,0.1
09/14/2011,30.4,6.43,214,11.6,4.7,1.89,0.03,0.1
09/15/2011,30.4,6.36,204,16.7,4.89,1.6,0.04,0.11
09/16/2011,30.4,6.32,202,20.6,4.59,1.53,0.04,0.18
09/17/2011,30.8,6.31,197,18.8,5.41,1.59,0.03,0.23
09/18/2011,30.8,6.3,193,21.2,4.85,1.68,0.03,0.23
09/19/2011,30.1,6.29,190,25.2,4.54,1.98,0.03,0.26
09/20/2011,29.3,6.24,189,24.1,4.41,2.01,0.03,0.26
09/21/2011,28.7,6.25,192,19.7,4.34,2.19,0.03,0.21
09/22/2011,28.1,6.14,184,30.5,4.44,1.84,0.04,0.14
09/23/2011,27.7,6.29,200,18.1,4.08,1.68,0.03,0.13
09/24/2011,27.7,6.46,204,15,3.5,1.82,0.02,0.16
09/25/2011,27.7,6.36,195,16.3,3.5,1.86,0.03,0.07
09/26/2011,26.9,6.16,148,38.4,5.23,2.05,0.02,0.05
09/27/2011,29.1,6.5,204,13.3,4.31,2.27,0.02,
09/28/2011,28.4,6.58,215,15.7,5.04,2.53,0.02,
09/29/2011,29,6.58,221,14.8,4.95,2.54,0.02,
09/30/2011,29.1,6.68,231,8.8,5.33,2.6,0.02,
10/01/2011,28,6.65,226,13.3,5.05,2.46,0.02,0.06
10/02/2011,27.2,6.57,208,15.2,4.22,2.22,0.03,0.11
10/03/2011,25.8,6.53,210,10.6,3.86,2.2,0.04,0.12
10/04/2011,25.3,6.59,210,22.2,3.99,1.97,0.04,0.24
10/05/2011,25.6,6.52,208,15.9,3.5,2.11,0.04,0.21
10/06/2011,25.9,6.53,200,14,3.41,2.28,0.04,0.17
10/07/2011,25.6,6.56,190,17.6,3.36,2.33,0.05,0.2
10/08/2011,25.9,6.5,187,13.2,3.17,2.41,0.05,0.22
10/09/2011,26,6.52,188,12.3,3.47,2.6,0.04,0.16
10/10/2011,26.5,6.46,199,7.1,2.95,2.67,0.04,0.15
10/11/2011,26.5,6.52,204,14.6,3.94,2.76,0.04,0.14
10/12/2011,26.8,6.5,212,11.9,4.17,2.85,0.03,0.17
10/13/2011,26,6.51,211,19.2,4.4,2.48,0.05,0.3
10/14/2011,23.4,6.02,192,39.3,4.03,2.06,0.06,0.41
10/15/2011,25.5,6.45,209,29.8,3.76,2.15,0.06,0.51
10/16/2011,25.1,6.39,203,28.1,3.74,2.12,0.07,0.51
10/17/2011,23.8,6.27,187,20.3,3.77,1.91,0.09,0.67
10/18/2011,,,,,,,,
10/19/2011,,,,,,,,
10/20/2011,,,,,,,,
10/21/2011,,,,,,,,
10/22/2011,,,,,,,,
10/23/2011,,,,,,,,
10/24/2011,,,,,,,,
10/25/2011,23.9,6.55,216,29.8,4.17,1.89,0.13,1
10/26/2011,23.7,6.53,212,25.7,4.57,2.01,0.08,0.69
10/27/2011,24.3,6.61,214,25.1,4.84,2.15,0.06,0.51
10/28/2011,24.5,6.62,211,26.1,4.88,2.4,0.06,0.42
10/29/2011,24.5,6.64,210,13.4,4.95,2.62,0.06,0.39
10/30/2011,24.5,6.6,204,7.5,4.89,2.58,0.06,0.38
10/31/2011,24.3,6.57,214,9.7,4,2.92,0.05,0.47
11/01/2011,,,,,,,,
11/02/2011,,,,,,,,
11/03/2011,,,,,,,,
11/04/2011,24.9,6.58,222,0.9,1.88,1.01,0.05,0.18
11/05/2011,24.6,6.6,215,5.6,2.52,1.97,0.05,0.17
11/06/2011,25.5,6.68,213,9,4.85,3.65,0.04,0.09
11/07/2011,25.3,6.66,230,10.7,4.7,3.74,0.04,0.08
11/08/2011,24.5,6.61,249,14,4.82,3.7,0.05,0.1
11/09/2011,22.4,6.58,225,55.2,5.62,3.2,0.06,0.37
11/10/2011,21.9,6.59,163,80,5.99,3.04,0.08,0.75
11/11/2011,21.6,6.52,153,63.2,6.42,3.6,0.07,0.71
11/12/2011,22,6.55,158,44.7,6.55,3.92,0.07,0.54
11/13/2011,22.6,6.5,165,36.1,6.23,2.85,0.07,0.35
11/14/2011,22.3,6.51,175,28.7,6.1,3.46,0.06,0.29
11/15/2011,22.2,6.42,183,31.5,5.99,2.56,0.07,0.33
11/16/2011,22.5,6.4,180,28,5.41,2.81,0.07,0.39
11/17/2011,22.5,6.35,179,30.9,5.24,2.82,0.08,0.37
11/18/2011,22.7,6.35,185,23.9,5.43,2.88,0.09,0.44
11/19/2011,22.6,6.29,179,25.6,4.82,3.13,0.08,0.48
11/20/2011,21.7,6.24,154,28.8,5.56,3.03,0.08,0.47
11/21/2011,21,6.17,156,36,6.01,2.56,0.07,0.37
11/22/2011,20.9,6.19,145,36.1,6.24,2.37,0.08,0.4
11/23/2011,20.5,6.13,142,27.5,6.14,1.97,0.13,0.48
11/24/2011,20.2,6.2,143,26.1,6.19,2.28,0.08,0.5
11/25/2011,20.1,6.48,141,26.5,5.68,2.64,0.07,0.5
11/26/2011,20.1,6.56,143,24.6,5.96,2.67,0.07,0.35
11/27/2011,20.5,6.6,154,29.4,6.25,2.82,0.07,0.08
11/28/2011,20.8,6.68,183,26.1,6.38,3.06,0.07,0.08
11/29/2011,20.8,6.64,174,30.1,6.49,2.64,0.08,0.09
11/30/2011,20.9,6.59,173,24.1,6.05,2.9,0.07,0.09
12/01/2011,19.7,6.56,168,26.7,5.91,2.51,0.07,0.11
12/02/2011,18.6,6.5,172,26.9,6.08,2.35,0.07,0.14
12/03/2011,18,6.51,166,29.2,6.37,2.23,0.07,0.11
12/04/2011,17.9,6.43,161,29.4,6.35,2.27,0.07,0.08
12/05/2011,18,6.44,167,29.6,6.44,2.14,0.07,0.07
12/06/2011,18.8,6.46,170,36.6,6.59,2.14,0.07,0.06
12/07/2011,18.8,6.46,172,26.2,6.43,2.38,0.07,0.09
12/08/2011,17.5,6.43,166,24,6.46,2.33,0.06,0.12
12/09/2011,16.9,6.44,168,24.9,6.72,2.23,0.06,0.13
12/10/2011,16.4,6.48,164,22.6,6.9,2.21,0.06,0.13
12/11/2011,16,6.42,162,22.3,7.05,2.16,0.06,0.12
12/12/2011,16.4,6.43,164,21.9,7.29,2.09,0.06,0.11
12/13/2011,17,6.48,165,26.2,7.42,2.37,0.07,0.12
12/14/2011,17.2,6.53,170,23.3,7.14,2.43,0.07,0.14
12/15/2011,17.1,6.58,171,23.3,7.2,2.35,0.07,0.15
12/16/2011,16.2,6.49,163,22.6,7.31,1.99,0.07,0.15
12/17/2011,15.7,6.47,165,18,7.53,1.92,0.06,0.13
12/18/2011,15.5,6.47,162,22.8,7.69,1.98,0.06,0.12
12/19/2011,16.1,6.51,167,23.3,7.49,2.02,0.06,0.12
12/20/2011,16.9,6.5,176,24.7,7.27,2.16,0.07,0.15
12/21/2011,16.8,6.45,182,17.9,7.04,2.29,0.06,0.18
12/22/2011,15.9,6.41,181,19,7.07,2.29,0.06,0.17
12/23/2011,15.4,6.57,177,21.2,7.27,1.75,0.07,0.17
12/24/2011,14.2,6.65,178,24.9,8.12,2.27,0.07,0.19
12/25/2011,14.1,6.69,181,23.4,7.33,1.89,0.07,0.17
12/26/2011,14,6.67,176,20.9,7.38,1.78,0.06,0.17
12/27/2011,14.7,6.68,180,20,7.3,1.23,0.06,0.15
12/28/2011,15.4,6.73,189,17.9,7.28,2.12,0.05,0.16
12/29/2011,15.4,6.67,187,15.1,7.55,2.4,0.05,0.18
12/30/2011,15.2,6.65,187,14.4,7.32,2.31,0.05,0.19
12/31/2011,15,6.63,186,17.2,7.5,2.19,0.05,0.19
01/01/2012,15.1,6.59,184,11.1,7.76,2.42,0.05,0.18
01/02/2012,15.1,6.6,188,14.5,7.89,2.56,0.06,0.16
01/03/2012,14.6,6.6,195,18.4,7.76,2.3,0.06,0.17
01/04/2012,13.9,6.58,192,16.2,7.88,2.38,0.06,0.17
01/05/2012,13.2,6.66,186,17.1,7.91,2.25,0.06,0.17
01/06/2012,12.8,6.51,184,19.3,7.9,1.91,0.07,0.19
01/07/2012,13.1,6.57,192,22.4,7.13,2.3,0.07,0.19
01/08/2012,13.6,6.51,187,19,7.58,2.57,0.08,0.19
01/09/2012,13.9,6.59,192,15.2,8.12,2.42,0.08,0.24
01/10/2012,14.2,6.46,192,12.7,7.89,2.76,0.08,0.23
01/11/2012,14.1,6.52,192,10.1,8.15,2.87,0.08,0.22
01/12/2012,13.8,6.67,182,14,7.28,2.29,0.09,0.25
01/13/2012,13.5,6.54,179,13,7.25,2.59,0.09,0.26
01/14/2012,13.9,6.64,187,14.3,7.28,2.56,0.09,0.22
01/15/2012,14.3,6.7,180,27,7.46,2.26,0.1,0.2
01/16/2012,13.5,6.82,154,61.6,8.39,2.09,0.11,0.28
01/17/2012,13.8,6.81,149,52.7,6.93,2.3,0.11,0.24
01/18/2012,14,6.76,149,41,6.98,2.32,0.1,0.2
01/19/2012,14.1,6.86,147,31.7,7.63,2.19,0.1,0.16
01/20/2012,14.2,6.93,151,23.8,7.89,1.95,0.12,0.13
01/21/2012,13.7,6.82,127,23,8.05,2.03,0.09,0.09
01/22/2012,11.9,6.8,124,31.9,7.72,2.07,0.09,0.1
01/23/2012,11.9,6.72,110,41.4,8.74,1.67,0.09,0.38
01/24/2012,11.6,6.67,104,34.7,8.83,1.84,0.08,0.08
01/25/2012,11.1,6.73,99,28.8,8.67,1.58,0.07,0.03
01/26/2012,10.6,6.71,97,30.8,8.11,1.61,0.07,0.15
01/27/2012,10.9,6.63,96,33.9,7.92,1.38,0.07,0.05
01/28/2012,12.1,6.71,101,28.4,7.68,1.52,0.07,0.07
01/29/2012,11.5,6.72,99,28.2,7.56,1.41,0.07,0.09
01/30/2012,7.5,4.2,65,11.6,5.33,2.15,0.06,0.24
01/31/2012,12.3,6.87,102,14.8,9.24,1.79,0.06,0.08
02/01/2012,12.4,6.89,102,15.7,9.27,1.6,0.06,0.09
02/02/2012,12.4,6.63,99,13.7,8.67,1.55,0.06,0.11
02/03/2012,12.3,6.69,104,13.5,8.76,1.76,0.06,0.09
02/04/2012,12.5,6.56,104,12.9,8.54,1.77,0.06,0.11
02/05/2012,13.6,6.52,108,14,8.35,1.9,0.06,0.1
02/06/2012,14.5,6.53,118,14.8,8.04,1.85,0.06,0.12
02/07/2012,13.5,6.67,116,16.4,7.97,1.7,0.07,0.14
02/08/2012,12.7,6.65,112,18,8.26,1.39,0.06,0.13
02/09/2012,12.5,6.55,115,17.3,8.46,1.5,0.07,0.13
02/10/2012,12.4,6.58,118,19.1,8.2,1.38,0.08,0.16
02/11/2012,12,6.53,116,15.8,8.03,1.43,0.09,0.2
02/12/2012,12.5,6.57,121,12.2,8.04,1.49,0.08,0.16
02/13/2012,13.6,6.59,127,12.4,7.87,2.47,0.07,0.14
02/14/2012,14.7,6.46,127,11.3,7.29,2.32,0.08,0.14
02/15/2012,15.6,6.41,129,12.3,6.85,2.22,0.08,0.16
02/16/2012,14,6.6,134,11.8,8.69,2.09,0.08,0.21
02/17/2012,13.4,6.42,129,11.8,8.48,1.35,0.07,0.2
02/18/2012,13.2,6.4,131,11.6,7.91,1.45,0.07,0.16
02/19/2012,13.2,6.41,130,11.6,7.74,1.88,0.07,0.15
02/20/2012,13.7,6.41,134,10.5,7.65,1.46,0.07,0.17
02/21/2012,14.9,6.45,137,11.2,7.52,1.96,0.07,0.18
02/22/2012,15.5,6.35,131,8.2,7.25,2.59,0.07,0.16
02/23/2012,,,,,,,,
02/24/2012,,,,,,,,
02/25/2012,,,,,,,,
02/26/2012,13.6,6.39,117,58.2,7.8,2.1,0.09,0.15
02/27/2012,13.1,6.47,118,49.5,8.07,2.06,0.09,0.12
02/28/2012,12.9,6.42,112,90.4,8.34,2.4,0.11,0.15
02/29/2012,13.2,6.26,100,149.3,8.76,2.45,0.09,0.15
03/01/2012,14.1,6.4,103,111.8,8.59,2.35,0.08,0.09
03/02/2012,14.2,6.39,105,94.4,8.06,2.03,0.08,0.09
03/03/2012,14.6,6.39,82,88.4,8.19,2.09,0.07,0.08
03/04/2012,15,6.41,104,110.1,8.27,2.47,0.07,0.08
03/05/2012,15.6,6.33,101,127.3,8.46,2.08,0.07,0.06
03/06/2012,16,6.21,99,155,7.87,2.72,0.09,0.05
03/07/2012,15.4,6.36,94,416,8.59,8.56,,0.07
03/08/2012,,,,,,,,
03/09/2012,,,,,,,,
03/10/2012,13.3,6.57,71,166.3,9.28,2.23,0.07,0.03
03/11/2012,13.9,6.68,79,137.4,9.21,1.98,0.06,0.03
03/12/2012,13.8,6.58,79,103.5,8.87,1.76,0.06,0.03
03/13/2012,13.3,6.52,79,81.6,8.59,1.9,0.06,0.03
03/14/2012,14,6.46,84,63.7,8.66,1.82,0.05,0.03
03/15/2012,15.2,6.35,87,57.7,8.27,1.87,0.05,0.03
03/16/2012,16.1,6.48,86,52.4,8.09,1.87,0.05,0.05
03/17/2012,17.4,6.53,91,49.9,7.73,2.31,0.06,0.03
03/18/2012,19.2,6.44,70,57.1,7.39,2.43,0.06,0.03
03/19/2012,18.9,6.34,91,87.5,7.11,2.45,0.07,0.03
03/20/2012,18.4,6.33,97,49.5,6.85,2.03,0.06,0.03
03/21/2012,18.4,6.29,93,50,6.88,1.5,0.06,0.05
03/22/2012,20.2,6.27,98,43.5,6.38,1.93,0.06,0.07
03/23/2012,17.4,6.32,93,36.6,6.51,1.68,0.06,0.08
03/24/2012,16.7,6.24,99,30.2,6.44,1.8,0.06,0.1
03/25/2012,17.3,6.26,97,28.5,7.06,1.8,0.06,0.09
03/26/2012,17.8,6.27,104,28.2,6.96,2.02,0.06,0.09
03/27/2012,17.9,6.2,103,30.9,6.87,2.06,0.06,0.08
03/28/2012,19,6.23,107,28.7,6.76,2.09,0.06,0.09
03/29/2012,18.4,6.14,105,26.2,6.73,1.66,0.06,0.17
03/30/2012,19,6.13,107,27.6,6.68,1.92,0.06,0.24
03/31/2012,18.9,6.19,110,28.8,6.77,1.94,0.06,0.25
04/01/2012,18.5,6.2,110,33.5,6.69,2.04,0.06,0.24
04/02/2012,19.2,6.17,110,33.4,6.64,1.64,0.06,0.23
04/03/2012,20.3,6.21,116,29.3,6.2,1.96,0.06,0.23
04/04/2012,19.5,6.28,114,31.9,6.63,1.97,0.06,0.23
04/05/2012,19.1,6.44,114,34.9,6.66,1.7,0.06,0.23
04/06/2012,18.6,6.36,111,28.3,6.81,1.81,0.06,0.25
04/07/2012,19.5,6.44,112,29.3,6.75,1.77,0.06,0.23
04/08/2012,18.8,6.4,113,28.9,6.57,1.86,0.06,0.24
04/09/2012,18.9,6.31,113,32.7,6.75,1.85,0.06,0.24
04/10/2012,21.1,6.31,111,32.1,6.81,2.05,0.07,0.21
04/11/2012,20.8,6.3,114,32.3,6.2,2.23,0.07,0.22
04/12/2012,21,6.27,117,38.1,5.97,2.09,0.07,0.23
04/13/2012,21.9,6.28,113,56.2,6.08,2.15,0.08,0.21
04/14/2012,22.2,6.25,107,141.2,6.08,2.53,0.08,0.18
04/15/2012,21.6,6.34,111,110.3,6.06,2.49,0.08,0.16
04/16/2012,21.8,6.23,100,266,6.22,3.38,0.09,0.18
04/17/2012,20.3,6.28,99,221.8,6.6,2.8,0.08,0.14
04/18/2012,19.4,6.32,94,173.8,6.84,2.52,0.09,0.13
04/19/2012,20.3,6.26,91,213,7.3,2.59,0.09,0.09
04/20/2012,21.5,6.3,96,195.8,7.15,2.41,0.08,0.08
04/21/2012,21.3,6.32,95,117.6,6.84,1.91,0.06,0.05
04/22/2012,21.5,6.3,93,88.1,6.64,1.94,0.06,0.03
04/23/2012,23.1,6.28,99,77.8,6.29,1.91,0.06,0.03
04/24/2012,23,6.3,104,77,5.77,2.16,0.06,0.06
04/25/2012,22.6,6.25,98,225.7,5.78,3.43,0.09,0.08
04/26/2012,21.4,6.34,87,451.6,7.24,4.58,,0.03
04/27/2012,20.6,6.44,81,286.1,7.73,2.96,0.08,0.03
04/28/2012,21.9,6.37,82,161.7,7.67,2.47,0.07,0.03
04/29/2012,22.4,6.3,85,107.1,7.35,2.41,0.07,0.03
04/30/2012,22.1,6.35,82,280.2,7.65,4.11,0.1,0.1
05/01/2012,23,6.37,79,424.1,8.1,4.48,,0.09
05/02/2012,23.4,6.33,75,490.8,8.02,6.71,,0.07
05/03/2012,22.8,6.41,74,405,8.19,4.68,,0.03
05/04/2012,22.2,6.37,68,483.5,8.19,7.42,,0.09
05/05/2012,23.2,6.35,67,355.8,8.27,3.98,,0.05
05/06/2012,23.8,6.22,69,194.5,7.82,2.04,0.06,0.06
05/07/2012,24.4,6.3,75,114.7,7.48,2.05,0.06,0.06
05/08/2012,25.1,6.24,79,91,7.23,2.13,0.06,0.08
05/09/2012,25.7,6.22,84,129.4,6.99,2.42,0.07,0.08
05/10/2012,23.7,6.32,79,344.5,7.57,4.24,0.08,0.07
05/11/2012,24,6.32,74,385.9,7.98,3.75,,0.07
05/12/2012,23.5,6.21,71,371.6,7.85,3.28,,0.05
05/13/2012,23.7,6.28,75,368.6,7.59,6.69,0.06,0.06
05/14/2012,25,6.33,73,459,8.07,7.52,,0.05
05/15/2012,24,6.4,68,251.2,7.9,2.55,0.07,0.1
05/16/2012,23.6,6.37,68,183.8,7.97,2.27,0.07,0.03
05/17/2012,24.4,6.32,71,140.3,7.93,2.15,0.06,0.03
05/18/2012,24.7,6.35,72,139.2,7.53,2.05,0.06,0.05
05/19/2012,24.6,6.35,77,148.5,7.22,2.26,0.07,0.07
05/20/2012,25.7,6.4,85,103.2,7.14,1.94,0.06,0.08
05/21/2012,25.2,6.28,85,84.2,6.92,1.68,0.06,0.08
05/22/2012,25.3,6.25,88,76.9,6.85,1.63,0.06,0.08
05/23/2012,25.5,6.31,91,76.9,6.82,1.68,0.06,0.08
05/24/2012,26.2,6.28,93,57.9,6.69,1.58,0.06,0.08
05/25/2012,26.1,6.43,91,58.9,6.45,1.57,0.06,0.08
05/26/2012,25.5,6.68,92,55.4,6.44,1.94,0.06,0.07
05/27/2012,25.1,6.6,92,50,6.32,1.87,0.06,0.08
05/28/2012,25.7,6.56,94,48,5.82,2.06,0.06,0.06
05/29/2012,25.9,6.5,95,46.3,6.19,2,0.06,0.08
05/30/2012,25.7,6.46,95,46.5,5.66,1.94,0.06,0.06
05/31/2012,27.7,6.37,101,44.9,5.56,2.34,0.06,0.07
06/01/2012,26.6,6.36,97,47.7,5.47,1.8,0.06,0.06
06/02/2012,25.2,6.28,102,40.3,4.8,2.06,0.06,0.05
06/03/2012,25.9,6.3,102,29.9,4.38,1.74,0.06,0.06
06/04/2012,26.8,6.35,104,20.3,4.16,1.51,0.06,0.05
06/05/2012,26.4,6.38,113,28.7,3.85,2.02,0.06,0.05
06/06/2012,26.9,6.37,112,27.7,4.25,1.81,0.07,0.05
06/07/2012,28.2,6.35,109,70.1,4.61,1.82,0.06,0.06
06/08/2012,28.4,6.5,111,31.3,5.81,1.77,0.06,0.1
06/09/2012,27.1,6.46,110,52,5.47,2.31,0.06,0.11
06/10/2012,27.3,6.36,105,41.3,5.13,2,0.06,0.1
06/11/2012,26.5,6.41,103,220.6,5.67,4.27,0.07,0.11
06/12/2012,0.25,0.25,0.25,0.25,0.25,0.25,0,0.03
06/13/2012,29.4,6.39,83,200.1,7.77,3.67,0.07,0.03
06/14/2012,27.8,6.51,87,64,6.87,2.54,0.05,0.03
06/15/2012,27.4,6.45,91,39.7,6.33,2.08,0.05,0.03
06/16/2012,27.4,6.47,98,37.9,5.87,2.77,0.05,0.03
06/17/2012,26.7,6.45,101,46.7,5.67,3.84,0.06,0.03
06/18/2012,27.1,6.43,99,69.7,6.51,3.26,0.06,0.03
06/19/2012,26.9,6.42,97,75,6.52,2.16,0.06,0.03
06/20/2012,26.3,6.32,93,42.4,5.88,2.54,0.06,0.03
06/21/2012,27.2,6.26,93,38.7,5.71,1.14,0.06,0.03
06/22/2012,27,6.21,94,29.5,5.45,1.35,0.05,0.03
06/23/2012,27.7,6.37,98,43.5,5.24,1.62,0.05,0.03
06/24/2012,27.2,6.31,95,32.1,5.23,1.38,0.06,0.03
06/25/2012,27.3,6.3,91,63.2,6.55,1.79,0.07,0.03
06/26/2012,27.8,6.34,91,51.5,6.41,1.85,0.06,0.03
06/27/2012,28.3,6.36,79,46.4,6.2,1.93,0.06,0.03
06/28/2012,28.7,6.29,88,33.3,5.84,1.88,0.05,0.03
06/29/2012,28.7,6.34,95,25.5,5.55,1.88,0.05,0.03
06/30/2012,28.8,6.34,100,22.6,5.57,1.78,0.05,0.03
07/01/2012,29.2,6.31,104,21.2,5.56,1.83,0.05,0.03
07/02/2012,29.7,6.39,105,15.7,5.3,1.84,0.05,0.03
07/03/2012,30.1,6.58,112,31.1,5.17,1.89,0.05,0.08
07/04/2012,30.4,6.61,119,29.5,4.94,1.89,0.05,0.12
07/05/2012,30.4,6.61,107,23,5.17,1.9,0.05,0.11
07/06/2012,31.2,6.52,114,24.3,4.7,2.12,0.05,0.11
07/07/2012,31.4,6.55,119,25.5,4.66,1.8,0.05,0.12
07/08/2012,31.3,6.76,122,22.8,4.16,1.7,0.04,0.12
07/09/2012,30.7,6.9,115,22.5,4.92,1.57,0.04,0.13
07/10/2012,31,6.93,120,24.2,5.1,1.53,0.05,0.12
07/11/2012,30.8,6.84,115,24.2,5.1,1.56,0.05,0.13
07/12/2012,30.9,6.8,122,19.8,5.28,1.73,0.04,0.13
07/13/2012,31,6.74,120,20.2,5.16,1.67,0.05,0.12
07/14/2012,30.5,6.7,107,20.8,5.26,1.64,0.05,0.12
07/15/2012,30.2,6.61,106,21.4,5.26,1.66,0.05,0.12
07/16/2012,28.9,6.53,101,21,5.18,1.73,0.05,0.11
07/17/2012,28.5,6.53,101,23.2,5.18,1.72,0.05,0.11
07/18/2012,28.2,6.54,105,36.9,5.13,1.91,0.06,0.14
07/19/2012,29.2,6.45,106,26.3,5.2,1.99,0.06,0.18
07/20/2012,29.3,6.45,110,19.1,5.04,1.83,0.06,0.19
07/21/2012,29.9,6.5,111,22.3,5.2,1.85,0.05,0.16
07/22/2012,29.4,6.55,109,25.2,5.05,1.89,0.06,0.16
07/23/2012,28.5,6.64,110,27,4.84,1.82,0.06,0.16
07/24/2012,28.7,6.75,115,47.5,4.73,2.14,0.06,0.19
07/25/2012,28.8,6.79,125,29.7,4.39,1.96,0.06,0.17
07/26/2012,29.3,6.78,121,21.7,4.62,1.76,0.06,0.14
07/27/2012,29.4,6.79,119,22.2,4.57,1.73,0.05,0.14
07/28/2012,29.4,6.76,118,20.9,4.58,2.1,0.05,0.13
07/29/2012,30.1,6.78,117,25.8,4.7,2.02,0.05,0.12
07/30/2012,29.8,6.7,119,23.4,4.68,1.93,0.05,0.11
07/31/2012,30.1,6.77,128,20.5,4.99,1.74,0.05,0.1
08/01/2012,30.2,6.79,123,19.8,5.6,1.72,0.04,0.06
08/02/2012,29.2,6.67,125,17.2,4.94,1.49,0.05,0.11
08/03/2012,28.3,6.7,116,38.7,4.6,1.77,0.06,0.14
08/04/2012,27.9,6.87,111,99.8,6.68,3.44,0.09,0.16
08/05/2012,27.8,6.93,102,191.7,7.27,3.78,,0.15
08/06/2012,28.5,6.79,103,153,7.38,2.44,0.06,0.09
08/07/2012,29,6.78,114,73.8,7,1.9,0.05,0.05
08/08/2012,29.3,6.75,115,54.3,6.56,2.08,0.05,0.08
08/09/2012,29.9,6.7,114,42.6,6.09,2.06,0.05,0.11
08/10/2012,29.5,6.83,119,33.1,5.89,1.97,0.05,0.09
08/11/2012,29.2,6.95,117,31.3,5.76,1.86,0.05,0.11
08/12/2012,30.1,6.92,120,26.3,5.48,1.92,0.05,0.15
08/13/2012,30.1,6.89,122,23.3,5.28,1.98,0.04,0.15
08/14/2012,30.7,6.93,124,24.1,5.23,1.96,0.05,0.14
08/15/2012,31,6.83,127,22.2,4.38,1.98,0.05,0.13
08/16/2012,30.4,6.85,136,19,4.5,2.36,0.05,0.09
08/17/2012,30.7,6.88,140,19.4,4.71,2.27,0.04,0.09
08/18/2012,30.5,6.76,139,21.9,4.13,1.95,0.05,0.15
08/19/2012,30,6.75,133,35.2,4.45,1.9,0.06,0.15
08/20/2012,30.3,6.7,121,47.8,4.62,1.98,0.06,0.14
08/21/2012,30,6.67,126,32.8,4.28,2.01,0.06,0.14
08/22/2012,30.5,6.66,131,28.6,3.69,2.17,0.06,0.16
08/23/2012,30.3,6.81,123,33.1,4.28,1.9,0.06,0.12
08/24/2012,30.1,6.72,97,41.2,4.64,1.94,0.06,0.13
08/25/2012,30.1,6.77,120,33.7,4.34,2.08,0.06,0.13
08/26/2012,29.8,6.78,134,28.7,4.12,2.11,0.06,0.13
08/27/2012,29.8,6.75,130,27.8,3.97,2.09,0.06,0.12
08/28/2012,29.8,6.74,109,37.1,4.51,2.01,0.05,0.13
08/29/2012,29.7,6.71,41,60.5,5.17,2.07,0.05,0.17
08/30/2012,29.7,6.72,40,59.5,5.31,2.1,0.05,0.14
08/31/2012,30,6.73,39,61.9,5.47,2.04,0.05,0.12
09/01/2012,29.9,6.75,61,55.4,5.07,2.21,0.05,0.12
09/02/2012,30.4,6.71,69,59.2,4.58,2.24,0.05,0.16
09/03/2012,28.8,6.8,58,57.4,4.93,2.21,0.05,0.13
09/04/2012,28.6,6.8,55,59.7,5.25,2.04,0.05,0.11
09/05/2012,28.4,6.8,61,57.2,5.18,2,0.06,0.15
09/06/2012,29.1,6.85,105,50.4,4.83,2.14,0.06,0.16
09/07/2012,29.9,6.79,117,50.2,4.26,2.12,0.06,0.15
09/08/2012,30,6.81,89,62.8,4.43,2.26,0.06,0.13
09/09/2012,30,6.75,64,56.7,4.74,2.23,0.05,0.17
09/10/2012,29.5,6.72,72,59.8,4.59,2.26,0.05,0.13
09/11/2012,30.1,6.8,121,36.4,3.97,2.22,0.05,0.1
09/12/2012,29.9,6.85,125,33,4.05,2.28,0.05,0.11
09/13/2012,29,6.8,121,32.6,4.04,2.08,0.05,0.11
09/14/2012,27.3,6.78,128,28.9,3.63,2.18,0.05,0.16
09/15/2012,26.5,6.88,125,35.2,4.02,2.01,0.05,0.12
09/16/2012,26.6,6.85,120,33.5,3.74,2.14,0.06,0.13
09/17/2012,26.2,6.83,125,33,3.82,2.29,0.06,0.15
09/18/2012,26.8,6.82,117,37.3,4.23,2.38,0.06,0.13
09/19/2012,26.9,6.8,131,30.8,3.24,2.28,0.05,0.17
09/20/2012,27.2,6.75,131,34.3,3.35,2.16,0.05,0.16
09/21/2012,26.4,6.79,128,29.7,3.13,2.43,0.05,0.13
09/22/2012,26.7,6.68,133,31.1,2.84,2.5,0.05,0.16
09/23/2012,26.2,6.67,135,35.4,2.9,2.76,0.05,0.16
09/24/2012,25.8,6.61,143,24.9,2.9,2.68,0.05,0.22
09/25/2012,26.1,6.61,141,28.9,3.36,2.57,0.05,0.14
09/26/2012,26.3,6.6,142,29.4,3.52,2.6,0.05,0.21
09/27/2012,26.3,6.5,126,30.7,3.77,2.62,0.06,0.28
09/28/2012,26.2,6.55,93,44.9,4.93,2.7,0.05,0.22
09/29/2012,25.6,6.74,105,40.3,4.67,2.93,0.06,0.2
09/30/2012,24.9,6.76,112,44,4.69,2.83,0.06,0.22
10/01/2012,24.4,6.78,112,30.5,4.45,2.43,0.05,0.15
10/02/2012,24.7,6.85,119,37.4,4.62,2,0.05,0.12
10/03/2012,24.9,6.76,131,29.5,4.45,2.12,0.05,0.16
10/04/2012,25,6.7,131,26.8,4.13,2.29,0.04,0.19
10/05/2012,25.1,6.69,128,21.7,3.84,2.35,0.04,0.17
10/06/2012,25.5,6.61,101,38.9,4.22,2.43,0.04,0.18
10/07/2012,24.9,6.52,108,36.4,4.01,2.62,0.04,0.23
10/08/2012,25.1,6.46,138,29.2,3.82,2.17,0.05,0.24
10/09/2012,24.9,6.39,141,26.9,3.95,2.49,0.05,0.21
10/10/2012,24.7,6.44,124,41.9,4.59,2.73,0.05,0.2
10/11/2012,24.1,6.45,88,51.7,5.04,2.95,0.06,0.22
10/12/2012,24.2,6.44,98,48.9,4.87,2.88,0.06,0.23
10/13/2012,24.4,6.39,95,50.2,4.77,3.01,0.05,0.26
10/14/2012,25.1,6.39,41,62.7,5.66,2.25,0.06,0.26
10/15/2012,25.6,6.35,37,63.3,6.32,2.58,0.05,0.22
10/16/2012,25.9,6.36,35,65.4,6.06,2.51,0.05,0.22
10/17/2012,26.2,6.41,27,65.2,6.25,2.79,0.05,0.25
10/18/2012,25,6.46,16,64.4,6.49,2.68,0.05,0.3
10/19/2012,24.8,6.65,17,66.7,6.82,2.82,0.05,0.29
10/20/2012,25,6.67,22,70.5,6.8,2.99,0.05,0.28
10/21/2012,25.1,6.7,34,72.7,6.59,2.31,0.05,0.31
10/22/2012,25.3,6.63,58,61.6,5.57,2.06,0.05,0.37
10/23/2012,25.3,6.54,74,59.3,5.03,2.46,0.05,0.5
10/24/2012,24.8,6.52,63,60.6,4.97,2.58,0.05,0.61
10/25/2012,25,6.53,74,57.1,4.64,2.73,0.05,0.61
10/26/2012,25.7,6.59,42,62.5,5.66,2.7,0.05,0.42
10/27/2012,26.5,6.65,30,67.2,6.35,2.56,0.05,0.39
10/28/2012,26.6,6.63,33,66.5,6.2,2.8,0.05,0.35
10/29/2012,25.5,6.6,41,63.1,5.92,2.57,0.04,0.35
10/30/2012,24.7,6.62,40,63,5.81,2.75,0.04,0.28
10/31/2012,24,6.62,32,66.2,6.27,2.34,0.06,0.19
11/01/2012,23.8,6.72,17,68,6.52,2.27,0.07,0.14
11/02/2012,23.7,6.83,16,69.6,6.35,2.24,0.06,0.15
11/03/2012,23.8,6.85,30,70.4,6.03,2.64,0.05,0.23
11/04/2012,23.8,6.87,36,69.9,5.99,3.04,0.05,0.27
11/05/2012,23,6.74,20,75,6.81,2.95,0.05,0.38
11/06/2012,23.1,6.76,22,73.2,6.01,3.24,0.06,0.43
11/07/2012,22.7,6.74,17,66.7,5.78,3.27,0.08,0.41
11/08/2012,22.3,6.83,23,74.5,6.33,3.4,0.08,0.34
11/09/2012,21.7,6.85,84,51.5,6.02,3.28,0.08,0.46
11/10/2012,22,6.85,205,14.4,3.97,3.06,0.08,0.47
11/11/2012,21.5,6.79,206,15.6,4.09,3.12,0.07,0.46
11/12/2012,21.2,6.85,217,17.5,3.84,3.14,0.08,0.51
11/13/2012,20.8,6.87,213,20.2,3.85,3.11,0.08,0.54
11/14/2012,20.5,6.8,206,16.4,4.14,3.18,0.08,0.8
11/15/2012,21.4,6.93,214,11.1,4.49,3.02,0.08,0.73
11/16/2012,21.1,6.89,212,12.5,3.99,3.19,0.08,0.56
11/17/2012,20.2,6.95,198,15.8,4.29,3.38,0.09,0.5
11/18/2012,19.8,6.82,203,17.8,4.28,3.53,0.09,0.66
11/19/2012,19.7,6.87,211,18.8,4.26,3.5,0.09,0.7
11/20/2012,19.9,6.76,215,12.8,3.94,3.15,0.09,0.67
11/21/2012,20,6.76,213,16.1,4.05,2.38,0.09,0.52
11/22/2012,20.1,6.8,199,21.2,4.2,1.91,0.09,0.6
11/23/2012,19.5,6.76,161,48.6,5.4,2.95,0.09,0.48
11/24/2012,18.8,6.69,161,45.7,5.72,2.69,0.09,0.42
11/25/2012,18.9,6.77,157,43.4,5.8,2.31,0.09,0.36
11/26/2012,18.1,6.87,132,121.7,7.72,2.59,0.11,0.18
11/27/2012,17.4,6.66,104,165.6,8.12,2.62,0.09,0.2
11/28/2012,17.2,6.65,117,104.5,7.84,2.57,0.09,0.19
11/29/2012,17.3,6.69,126,129.2,7.85,2.63,0.1,0.14
11/30/2012,17.3,6.65,109,117.6,8.13,2.8,0.08,0.05
12/01/2012,17.5,6.79,105,286.3,8.69,3.11,,0.03
12/02/2012,17.4,6.78,86,312.8,8.7,3.51,,0.03
12/03/2012,17.3,6.82,81,212.4,8.78,2.43,,0.03
12/04/2012,16.8,6.78,81,121.5,8.66,2.22,0.07,0.03
12/05/2012,16.9,6.82,85,73.9,8.59,2.02,0.06,0.03
12/06/2012,16.3,6.71,93,55.6,8.6,2.15,0.05,0.03
12/07/2012,16.2,6.75,95,43.2,8.52,2.21,0.05,0.03
12/08/2012,15.9,6.65,93,35.9,8.43,2.4,0.05,0.03
12/09/2012,16,6.7,107,30.5,8.48,2.34,0.05,0.03
12/10/2012,15.4,6.66,113,20.2,8.65,1.83,0.05,0.03
12/11/2012,15.1,6.73,115,27.2,8.76,1.85,0.05,0.03
12/12/2012,15,6.56,116,32.7,8.38,1.89,0.05,0.05
12/13/2012,15.9,6.51,118,21.2,7.36,2.1,0.05,0.1
12/14/2012,16.6,6.52,117,19.2,7.14,2.45,0.06,0.12
12/15/2012,17.8,6.42,128,16.9,6.94,2.93,0.07,0.16
12/16/2012,17.6,6.39,130,17.1,6.69,3.09,0.07,0.17
12/17/2012,17.3,6.41,128,14.5,6.7,2.41,0.06,0.2
12/18/2012,15.4,6.37,126,18.4,6.8,2.06,0.06,0.19
12/19/2012,14,6.35,128,19,6.96,1.9,0.07,0.19
12/20/2012,14.6,6.4,128,19.9,7.1,1.87,0.06,0.14
12/21/2012,15.4,6.35,128,20.9,6.9,2.08,0.07,0.18
12/22/2012,14.1,6.33,122,26,6.97,2.35,0.07,0.18
12/23/2012,13.2,6.36,120,25,7.15,2.46,0.08,0.17
12/24/2012,12.3,6.35,119,23.5,7.32,2.29,0.08,0.17
12/25/2012,13.6,6.47,128,20.3,7.25,2.37,0.08,0.19
12/26/2012,14.9,6.35,133,22.3,6.78,2.49,0.08,0.19
12/27/2012,15,6.25,134,21.5,6.34,2.42,0.07,0.21
12/28/2012,15.4,6.26,143,17.6,6.68,2.42,0.07,0.21
12/29/2012,14.8,6.3,132,23.9,7.36,2.23,0.07,0.19
12/30/2012,12.2,6.39,113,24.3,8.05,1.75,0.08,0.18
12/31/2012,11.4,6.31,106,96.1,8.26,1.84,0.09,0.26
01/01/2013,12.3,6.38,106,20.2,8.97,2.15,0.08,0.12
01/02/2013,13.7,6.38,88,30.6,8.94,2.19,0.09,0.06
01/03/2013,12.7,6.44,91,28.5,8.95,2.23,0.09,0.05
01/04/2013,9.6,6.53,45,50.9,8.9,1.99,0.08,
01/05/2013,,,,,,,,
01/06/2013,10.8,6.84,112,,7.31,2.11,0.09,0.54
01/07/2013,11.3,6.88,115,4.8,7.1,1.75,0.09,0.46
01/08/2013,11.8,6.91,117,7.5,7.09,1.67,0.09,0.45
01/09/2013,12.4,6.87,119,10.9,7.36,1.58,0.07,0.37
01/10/2013,12.6,6.85,125,9.7,7.88,1.74,0.06,0.34
01/11/2013,12.7,6.84,127,7.9,7.76,1.64,0.07,0.37
01/12/2013,12.9,6.83,132,7.2,7.76,1.83,0.07,0.35
01/13/2013,13,6.81,131,7.2,7.61,1.88,0.06,0.39
01/14/2013,13.2,6.75,132,6.8,7.45,2.25,0.06,0.4
01/15/2013,13.4,6.74,132,9.7,7.35,2.28,0.07,0.4
01/16/2013,13.7,6.73,141,8.6,7.27,2.52,0.07,0.44
01/17/2013,13.5,6.72,134,9.2,7.27,2.12,0.08,0.45
01/18/2013,13.5,6.74,134,7.2,7.16,1.87,0.07,0.52
01/19/2013,13.4,6.71,139,7,7.06,1.82,0.06,0.46
01/20/2013,13.9,6.71,141,5.8,7.04,2.04,0.06,0.4
01/21/2013,14.5,6.75,140,3.8,6.85,2.3,0.06,0.37
01/22/2013,14.5,6.69,144,4.6,6.63,2.63,0.07,0.41
01/23/2013,14.4,6.6,152,3.2,6.36,2.62,0.07,0.47
01/24/2013,14.6,6.68,156,2,6.13,2.32,0.06,0.48
01/25/2013,14.6,6.64,144,4.9,6.29,2.1,0.08,0.46
01/26/2013,14.4,6.61,147,3.2,6.4,1.92,0.07,0.39
01/27/2013,14.8,6.71,151,5.1,6.55,1.63,0.06,0.4
01/28/2013,14.5,6.59,146,4.5,6.08,1.68,0.06,0.49
01/29/2013,14.9,6.67,143,6.5,6.54,1.66,0.08,0.42
01/30/2013,15,6.62,145,7.7,6.36,1.89,0.07,0.52
01/31/2013,15.5,6.79,141,7.6,6.76,2.04,0.07,0.44
02/01/2013,15.6,6.67,145,5.6,6.52,1.87,0.07,0.39
02/02/2013,16,6.69,142,9.2,6.53,1.65,0.05,0.34
02/03/2013,16.1,6.63,145,5.4,6.4,2.12,0.05,0.39
02/04/2013,16.4,6.69,148,3.7,6.15,2.1,0.05,0.4
02/05/2013,16.6,6.63,137,4.9,6.2,1.95,0.05,0.34
02/06/2013,17,6.75,148,4.8,6.35,2.11,0.06,0.4
02/07/2013,16.8,6.7,141,5.7,6.59,2.06,0.05,0.42
02/08/2013,16.1,6.63,132,6.3,6.73,1.95,0.05,0.32
02/09/2013,15.5,6.59,117,5.9,6.81,1.59,0.07,0.29
02/10/2013,15.4,6.63,115,5.4,6.78,1.66,0.08,0.34
02/11/2013,15.1,6.56,115,3.4,6.46,2.01,0.08,0.39
02/12/2013,15.2,6.6,123,4.8,6.24,2.31,0.08,0.4
02/13/2013,14.9,6.59,124,3.7,6.37,1.61,0.09,0.38
02/14/2013,15.1,6.58,126,2.4,6.12,1.75,0.09,0.37
02/15/2013,15.2,6.63,126,4.8,6.13,1.8,0.08,0.34
02/16/2013,14.9,6.55,118,1.2,5.85,2.03,0.08,0.31
02/17/2013,15.3,6.55,116,1.9,5.67,2.58,0.08,0.37
02/18/2013,16.1,6.57,119,2,6.04,2.85,0.08,0.38
02/19/2013,16,6.65,117,1.9,6.35,2.84,0.08,0.39
02/20/2013,15.3,6.47,111,1.8,6.38,2.01,0.08,0.37
02/21/2013,15.4,6.48,113,2.9,6.4,1.76,0.08,0.41
02/22/2013,15.4,6.56,123,4.1,6.49,2.34,0.08,0.41
02/23/2013,15.5,6.51,122,2.1,6.19,2.27,0.08,0.4
02/24/2013,15.3,6.53,125,3.7,6.12,2.34,0.08,0.44
02/25/2013,15.4,6.57,124,3.1,6.25,2.43,0.08,0.39
02/26/2013,16.1,6.6,126,2.4,6.38,2.25,0.08,0.34
02/27/2013,16.7,6.6,126,2.7,6.42,2.27,0.07,0.29
02/28/2013,17,6.61,130,2.7,6.42,2.4,0.08,0.32
03/01/2013,18.1,6.59,134,2.2,6.32,2.46,0.08,0.38
03/02/2013,16.6,6.58,131,3.4,6.01,1.97,0.08,0.38
03/03/2013,16.9,6.57,140,4.5,5.97,2.23,0.08,0.39
03/04/2013,17.4,6.57,146,5.2,5.7,2.44,0.08,0.42
03/05/2013,17.3,6.53,144,4.4,5.72,2.91,0.07,0.37
03/06/2013,17.5,6.5,149,4.1,5.34,2.49,0.07,0.37
03/07/2013,17.8,6.53,153,3.7,5.59,2.66,0.07,0.35
03/08/2013,18.2,6.52,152,4.5,5.78,3.1,0.07,0.34
03/09/2013,18.5,6.61,159,4.5,6.04,3.31,0.06,0.31
03/10/2013,19.3,6.62,164,4.5,6.36,3.63,0.06,0.3
03/11/2013,18.6,6.59,157,4.3,6.41,2.95,0.06,0.32
03/12/2013,19.2,6.63,167,6.6,6.47,3.59,0.06,0.31
03/13/2013,19.5,6.6,171,6.5,6.39,3.81,0.06,0.29
03/14/2013,19,6.66,166,4,6.04,3.26,0.06,0.3
03/15/2013,19.2,6.74,166,2.8,5.68,2.74,0.06,0.33
03/16/2013,19.7,6.8,178,2.9,6.03,3.17,0.05,0.3
03/17/2013,20.1,6.72,173,3.7,6.61,2.96,0.06,0.26
03/18/2013,20.3,6.74,174,4.3,6.52,3.13,0.07,0.25
03/19/2013,20.1,6.66,174,5,5.74,2.85,0.06,0.25
03/20/2013,20.2,6.58,172,5.3,5.22,3.01,0.06,0.27
03/21/2013,20,6.62,170,6.7,4.93,2.79,0.06,0.42
03/22/2013,20.6,6.79,178,4.7,4.61,2.95,0.06,0.56
03/23/2013,21.1,6.8,185,6.3,4.77,3.34,0.06,0.48
03/24/2013,20.6,6.68,177,7,4.64,2.99,0.07,0.39
03/25/2013,21,6.65,182,4,4.62,3,0.07,0.35
03/26/2013,20.1,6.53,173,20.3,4.81,2.57,0.1,0.46
03/27/2013,19.4,6.55,153,52.9,5.82,2.78,0.11,0.5
03/28/2013,18.9,6.53,142,36.9,6.24,2.84,0.1,0.45
03/29/2013,18.5,6.44,144,28.9,5.97,3.02,0.09,0.42
03/30/2013,18.4,6.43,156,23.7,5.56,3.57,0.1,0.47
03/31/2013,18.6,6.42,148,17.8,5.49,2.66,0.1,0.24
04/01/2013,18.7,6.53,142,29.6,5.8,3.39,0.09,0.23
04/02/2013,18.7,6.34,128,24,5.82,3.13,0.09,0.24
04/03/2013,18.8,6.33,137,28.3,6.17,3.17,0.1,0.27
04/04/2013,18.5,6.28,136,35.4,6.09,2.83,0.1,0.27
04/05/2013,18.6,6.31,127,72,6.66,3.21,0.09,0.19
04/06/2013,18.2,6.24,113,57.9,7.37,2.75,0.08,0.12
04/07/2013,18.4,6.34,114,56.8,7.45,2.89,0.08,0.07
04/08/2013,18.4,6.48,122,34.9,6.95,2.68,0.07,0.12
04/09/2013,18.3,6.41,120,33.9,6.72,2.83,0.08,0.08
04/10/2013,18.9,6.31,120,30.1,6.44,2.67,0.07,0.06
04/11/2013,18.6,6.3,120,26,6.28,2.54,0.07,
04/12/2013,18.5,6.23,122,22.9,6.26,2.55,0.06,
04/13/2013,18.5,6.28,123,23.4,6.16,2.57,0.06,0.05
04/14/2013,19,6.37,123,19.9,6.01,2.76,0.06,0.25
04/15/2013,19.8,6.38,126,17.8,5.82,2.66,0.06,0.4
04/16/2013,19.8,6.51,128,15.4,5.77,2.94,0.06,0.28
04/17/2013,20.5,6.68,132,15.6,5.59,2.89,0.06,0.14
04/18/2013,21.1,6.82,134,22.1,5.5,2.95,0.07,0.07
04/19/2013,21,6.81,128,44.9,5.56,3.15,0.07,0.27
04/20/2013,21.1,6.85,123,30.4,5.76,3.19,0.07,0.23
04/21/2013,21.1,6.9,129,27.5,5.67,2.94,0.07,0.32
04/22/2013,20.8,6.77,129,20.9,5.61,2.36,0.07,0.11
04/23/2013,21,6.7,128,23,5.54,2.38,0.08,0.12
04/24/2013,21.4,6.75,130,23.1,5.46,3.14,0.07,0.19
04/25/2013,21.6,6.63,132,19.8,5.03,3.05,0.07,0.22
04/26/2013,21.8,6.67,134,19.5,5.01,2.85,0.07,0.22
04/27/2013,21.5,6.62,136,17.8,5,2.74,0.08,0.19
04/28/2013,21.8,6.54,138,14.3,4.68,2.65,0.07,0.28
04/29/2013,22.1,6.49,134,15.3,4.93,2.7,0.07,0.16
04/30/2013,22.2,6.47,138,16.8,4.55,2.66,0.07,0.27
05/01/2013,22.3,6.46,139,16.6,5.05,2.47,0.07,0.19
05/02/2013,22.4,6.43,134,14.6,5.09,2.5,0.07,0.15
05/03/2013,22.3,6.4,137,13.9,5.18,2.46,0.07,0.15
05/04/2013,22.2,6.38,136,12.4,4.81,2.2,0.08,0.11
05/05/2013,22,6.39,137,14,4.98,2.35,0.07,0.05
05/06/2013,22.2,6.36,135,14,4.77,2.44,0.07,0.06
05/07/2013,22.6,6.69,134,16,4.98,2.67,0.07,0.1
05/08/2013,22.6,6.78,131,18.4,4.89,2.91,0.07,0.1
05/09/2013,23,6.77,138,17.9,4.85,2.65,0.06,0.1
05/10/2013,23,6.76,134,26.2,5.06,2.8,0.06,0.05
05/11/2013,23.1,6.76,125,52.9,5.56,2.99,,
05/12/2013,23.4,6.79,126,42.8,5.88,3.04,0.08,0.12
05/13/2013,24.5,6.66,126,28.5,5.67,2.94,0.07,0.11
05/14/2013,24.8,6.6,133,22.3,5.02,3.21,0.07,0.07
05/15/2013,24.5,6.59,134,42.1,4.96,2.92,0.07,0.13
05/16/2013,24.6,6.5,124,57.2,5.29,2.95,,0.12
05/17/2013,24.8,6.52,128,34.4,5.13,2.95,,0.12
05/18/2013,25.2,6.46,125,28.1,5.14,2.87,0.07,0.05
05/19/2013,25.4,6.63,129,39.3,5.08,3.04,0.07,0.08
05/20/2013,24.9,6.68,125,51.8,4.96,3.06,0.06,0.13
05/21/2013,24.4,6.85,133,86.9,5.98,2.95,,0.11
05/22/2013,24.3,6.92,128,115.4,6.61,3.09,,0.08
05/23/2013,24.4,6.83,118,148,6.42,3.31,,0.07
05/24/2013,25,6.82,121,98.8,6.3,3.28,,0.06
05/25/2013,25.4,6.89,123,53,6.04,3.16,,
05/26/2013,25.3,6.86,121,53.1,5.79,2.91,,
05/27/2013,25.6,6.86,121,58.8,5.46,3.54,,0.05
05/28/2013,27.7,6.72,122,32.9,5.11,3.08,0.05,
05/29/2013,27,6.73,121,23.4,4.33,2.59,0.06,0.07
05/30/2013,27.2,6.71,123,28,4.96,2.53,0.06,0.12
05/31/2013,27.3,6.67,121,31.8,5.08,2.78,0.05,0.09
06/01/2013,27.5,6.6,125,32.2,4.84,2.98,0.06,0.14
06/02/2013,27.5,6.58,128,32.3,4.79,2.88,0.05,0.12
06/03/2013,27.2,6.48,121,30.3,4.86,2.58,0.06,0.1
06/04/2013,26.6,6.63,123,28.5,4.94,2.62,0.06,0.1
06/05/2013,26.5,6.62,119,49.1,5.14,2.78,0.07,0.17
06/06/2013,26.8,6.7,120,33.2,5.44,2.77,0.06,0.15
06/07/2013,26.6,6.66,120,36.4,5.33,2.93,0.06,0.1
06/08/2013,26.5,6.54,115,35.1,5.27,2.87,0.06,0.13
06/09/2013,26.9,6.48,117,44.7,4.95,3.17,0.07,0.06
06/10/2013,26.6,6.38,114,55.9,4.82,2.86,0.06,0.07
06/11/2013,26.1,6.39,116,35.5,4.8,2.66,0.06,0.1
06/12/2013,25.5,6.42,113,41.2,4.85,2.55,0.06,0.07
06/13/2013,24.9,6.37,105,78.5,5.63,2.8,0.06,0.05
06/14/2013,25,6.31,107,45.3,5.97,2.8,0.06,
06/15/2013,25.3,6.24,110,27.1,5.57,2.76,0.06,
06/16/2013,25.6,6.22,108,25.6,5.12,2.77,0.06,
06/17/2013,26.2,6.38,111,31.5,5.14,2.84,0.06,0.05
06/18/2013,26.9,6.74,117,26.6,5.47,2.86,0.06,0.05
06/19/2013,27.2,6.82,115,22,5.29,2.96,0.05,
06/20/2013,27.8,6.74,119,17.1,4.86,3.17,0.05,0.06
06/21/2013,28.1,6.74,122,27.7,4.79,3.01,0.05,
06/22/2013,28.5,6.69,127,20.5,5,2.79,0.05,0.07
06/23/2013,28.5,6.67,120,20.8,4.61,2.58,0.07,0.12
06/24/2013,28.5,6.68,120,29.7,4.53,2.81,0.07,0.09
06/25/2013,28.7,6.73,120,49.3,4.7,2.95,0.06,0.11
06/26/2013,28.2,6.8,104,35.4,4.63,2.88,0.08,0.11
06/27/2013,29,6.91,123,20.7,4.52,2.67,0.07,0.08
06/28/2013,29.1,6.92,127,19.6,4.74,2.41,0.06,0.09
06/29/2013,29.6,6.95,135,14.4,4.91,2.36,0.06,0.07
06/30/2013,29.6,6.84,132,11.8,4.57,2.74,0.06,
07/01/2013,29.8,6.79,133,10,4.51,,0.05,0.05
07/02/2013,30.2,6.77,136,9,4.47,,0.05,0.07
07/03/2013,30.4,6.8,139,11.4,4.84,,0.05,
07/04/2013,30.7,6.86,143,8.2,5.41,,0.05,
07/05/2013,30.9,7.09,146,9.7,6.12,,0.05,0.05
07/06/2013,30.8,7.13,146,8.6,6.06,3.36,0.04,0.1
07/07/2013,31.2,7.24,159,8.4,6.45,3.5,0.04,0.08
07/08/2013,31.3,7.35,161,7.9,7.49,3.46,0.04,0.07
07/09/2013,31.9,7.4,159,8.9,7.61,3.14,0.04,0.07
07/10/2013,32,7.23,161,7,8.18,3.85,0.04,0.06
07/11/2013,31.9,7.07,167,6.2,7.4,3.24,0.04,0.08
07/12/2013,32.6,7.36,173,9,7.47,3.86,0.04,0.07
07/13/2013,31.1,6.89,164,12,5.54,3.09,0.04,0.11
07/14/2013,29.9,6.83,149,308.1,5.2,4.14,0.13,0.19
07/15/2013,29.4,6.92,152,268.4,6.46,4.14,0.11,0.15
07/16/2013,29.1,6.78,143,109.2,6.08,2.86,0.07,0.15
07/17/2013,28.5,6.59,132,70.7,5.56,2.54,0.07,0.15
07/18/2013,28.1,6.48,119,104.7,5.04,3,0.09,0.19
07/19/2013,28,6.43,118,109,4.72,3.13,0.08,0.17
07/20/2013,28.3,6.56,121,62.8,4.88,2.86,0.08,0.14
07/21/2013,27.9,6.8,122,47.6,4.67,2.68,0.07,0.14
07/22/2013,28.1,6.79,134,33.5,4.41,2.51,0.07,0.12
07/23/2013,29.1,6.84,136,30.3,4.57,2.64,0.07,0.08
07/24/2013,29.6,6.81,141,26.4,4.42,2.82,0.06,0.11
07/25/2013,30.1,6.83,149,21.6,4.75,3.24,0.06,0.12
07/26/2013,31,7.22,152,17.9,6.42,3.84,0.06,0.08
07/27/2013,31.3,7.31,155,12.2,7.85,2.44,0.05,0.07
07/28/2013,31.2,7.32,156,9.9,7.98,1.07,0.04,0.07
07/29/2013,31.6,7.41,158,9.9,7.02,1.3,0.05,0.08
07/30/2013,32.1,7.25,160,8.4,7.93,1.42,0.05,0.08
07/31/2013,31.5,7.03,157,9,6.1,2.68,0.04,0.11
08/01/2013,32.6,7.41,164,10.4,7.09,3.58,0.06,0.1
08/02/2013,31.2,6.87,157,6.9,5.07,2.56,0.05,0.17
08/03/2013,31.8,6.78,158,4.1,4.87,2.54,0.05,0.19
08/04/2013,32.1,6.87,160,7.9,5.1,2.89,0.05,0.15
08/05/2013,32.7,7.42,160,8.8,7.66,3.09,0.06,0.09
08/06/2013,32.6,7.08,170,8.7,6.3,2.82,0.05,0.18
08/07/2013,32.9,7.03,171,8.9,7.01,2.69,0.05,0.1
08/08/2013,33.1,7.04,172,8.5,7.4,2.76,0.05,0.09
08/09/2013,33.3,6.99,168,8.9,7.72,1.3,0.05,0.1
08/10/2013,33.1,6.97,170,10.6,6.51,1.3,0.05,0.11
08/11/2013,33.4,6.87,181,8.4,5.89,1.7,0.04,0.12
08/12/2013,33.2,6.83,178,7.4,6.11,2.14,0.04,0.12
08/13/2013,33.3,6.82,179,7.9,6.03,2.39,0.04,0.12
08/14/2013,33,6.79,180,4.9,5.45,2.29,0.04,0.12
08/15/2013,32.4,6.87,182,10.8,4.62,2.26,0.05,0.15
08/16/2013,32.2,6.88,180,8.1,4.26,2.1,0.04,0.17
08/17/2013,31.9,6.91,178,7,3.45,1.94,0.04,0.22
08/18/2013,31.9,6.97,176,7.4,4.2,2.14,0.04,0.23
08/19/2013,32.8,7.16,164,9.2,6.11,2.57,0.05,0.16
08/20/2013,32.8,7.26,168,9.5,5.92,2.64,0.05,0.17
08/21/2013,32.6,6.96,169,7.7,5.6,1.97,0.06,0.19
08/22/2013,31.1,6.86,170,46.3,4.05,2.07,0.06,0.23
08/23/2013,30.5,6.91,146,80.2,5.05,2.5,0.07,0.28
08/24/2013,30.2,6.99,152,52.6,5.15,2.42,0.08,0.28
08/25/2013,31.1,7.07,161,26,5.25,2.39,0.06,0.23
08/26/2013,31.2,7.01,155,21.2,4.57,2.51,0.07,0.19
08/27/2013,31,6.91,148,27.3,3.6,2.5,0.07,0.23
08/28/2013,30.8,6.75,134,34.9,3.66,2.61,0.07,0.22
08/29/2013,31.1,6.67,128,42.1,3.88,3.06,0.08,0.25
08/30/2013,30.2,6.6,137,43.9,3.55,2.7,0.08,0.21
08/31/2013,29.7,6.57,123,128.9,4.89,2.83,0.09,0.21
09/01/2013,29.7,6.67,131,88.9,5.75,2.58,0.06,0.22
09/02/2013,29.7,6.71,132,61.1,5.55,2.48,0.06,0.14
09/03/2013,29.7,6.65,130,39,5.19,2.24,0.06,0.15
09/04/2013,29.8,6.62,129,40.4,4.67,2.24,0.06,0.16
09/05/2013,29.2,6.56,124,41.9,4.11,2.59,0.07,0.17
09/06/2013,29.4,6.6,133,42.4,3.83,2.68,0.07,0.19
09/07/2013,29.7,6.64,126,34.3,4.55,2.85,0.07,0.17
09/08/2013,30.4,6.95,130,35.6,5.21,2.96,0.07,0.15
09/09/2013,29.8,6.66,139,23.3,3.35,2.64,0.07,0.22
09/10/2013,31.1,6.76,147,22,3.99,3,0.06,0.19
09/11/2013,32,7.28,146,16.9,6.91,3.43,0.06,0.11
09/12/2013,31.9,7.17,146,11.8,6.75,3.37,0.05,0.11
09/13/2013,32.1,7.61,162,12.1,7.26,3.55,0.06,0.2
09/14/2013,31.8,7.28,170,10.3,6.26,3.46,0.05,0.07
09/15/2013,32.3,7.22,171,10.5,6.95,3.56,0.06,0.08
09/16/2013,32.9,7.22,166,6.3,6.6,3.75,0.06,0.1
09/17/2013,32.2,6.94,179,4.4,4.84,3.75,0.06,0.14
09/18/2013,32.2,6.92,179,6.3,3.71,3.29,0.05,0.17
09/19/2013,32,6.81,177,7.1,3.54,3.07,0.05,0.21
09/20/2013,32.7,6.88,178,5.3,4.26,3.04,0.05,0.21
09/21/2013,32.6,6.84,177,4.9,4,3.07,0.05,0.22
09/22/2013,32.3,6.81,188,8.3,3.1,3,0.05,0.27
09/23/2013,32.2,6.84,176,11.8,2.94,3.09,0.06,0.23
09/24/2013,32.8,6.88,183,12.2,3.3,3.47,0.06,0.23
09/25/2013,33.5,6.87,182,10,4.13,3.69,0.06,0.28
09/26/2013,34.5,6.83,169,11.8,3.15,3.56,0.06,0.32
09/27/2013,,6.91,177,15,2.83,3.35,0.07,0.29
09/28/2013,29.1,6.9,175,12.8,3.14,2.98,0.07,0.3
09/29/2013,28.8,6.84,175,9.4,3.27,2.64,0.06,0.29
09/30/2013,29.1,6.8,179,7.6,3.44,2.79,0.06,0.23
10/01/2013,29,6.79,178,8.6,3.53,2.72,0.06,0.21
10/02/2013,28.7,6.8,173,11.6,4.54,2.77,0.06,0.23
10/03/2013,28.5,6.71,157,12.8,3.65,2.55,0.06,0.33
10/04/2013,28.2,6.76,149,12.9,3.78,2.64,0.06,0.29
10/05/2013,28,6.76,145,13.8,3.88,3.13,0.06,0.23
10/06/2013,27.8,6.78,149,12.1,4.07,3.19,0.05,0.22
10/07/2013,27.3,6.73,150,17.4,3.1,2.92,0.06,0.23
10/08/2013,27.2,6.75,156,16.4,2.88,2.78,0.06,0.22
10/09/2013,27.7,6.85,164,10.3,4.09,3.62,0.06,0.21
10/10/2013,28,6.74,159,7.2,4.53,3.34,0.05,0.2
10/11/2013,28.2,7.16,180,9.8,4.9,3.87,0.05,0.18
10/12/2013,27.7,6.85,184,10.1,5.11,2.99,0.05,0.19
10/13/2013,,,,,,,,
10/14/2013,27.6,7.08,192,9.5,4.52,2.46,0.05,0.3
10/15/2013,27.3,7.09,190,9.4,4.1,2.45,0.05,0.23
10/16/2013,27.3,7.09,180,10.5,4.39,2.38,0.04,0.24
10/17/2013,26.9,6.97,182,10.9,4.07,2.35,0.04,0.25
10/18/2013,27,6.94,190,6.3,4.07,2.38,0.04,0.26
10/19/2013,26.8,6.88,183,9.6,3.64,2.42,0.04,0.27
10/20/2013,26.5,6.83,187,14.1,2.99,2.63,0.04,0.28
10/21/2013,26.2,6.76,185,17.2,3.29,2.66,0.04,0.26
10/22/2013,26.1,6.83,193,16.3,3.33,2.99,0.05,0.25
10/23/2013,26,6.84,189,18.8,3.48,2.71,0.05,0.23
10/24/2013,25.2,6.79,196,16.7,3.25,2.45,0.05,0.23
10/25/2013,25.2,6.85,225,17.6,3.14,2.64,0.06,0.16
10/26/2013,25,6.91,229,17.8,3.52,2.94,0.06,0.15
10/27/2013,24.6,6.87,236,16.1,3.66,2.76,0.05,0.16
10/28/2013,24.1,6.95,246,25.6,4.62,3.37,0.05,0.15
10/29/2013,24.2,6.94,238,14.7,4.03,3.22,0.05,0.21
10/30/2013,24.3,6.92,229,11,4.23,2.89,0.05,0.18
10/31/2013,24.8,7.01,231,7.7,4.66,2.96,0.05,0.19
11/01/2013,24.4,7.09,218,8.2,5.41,3.27,0.05,0.16
11/02/2013,24.4,7.18,232,9,5.52,3.45,0.05,0.16
11/03/2013,24.2,7.08,258,9.8,4.42,4.32,0.06,0.22
11/04/2013,23.9,7.01,249,10.4,4.09,3.99,0.07,0.26
11/05/2013,23.8,6.95,251,13.5,3.89,3.78,0.07,0.24
11/06/2013,23.7,6.93,249,15.6,3.65,3.67,0.07,0.28
11/07/2013,23.8,6.98,252,10.7,4.08,4.1,0.07,0.31
11/08/2013,23.7,6.94,243,10.2,4.14,4.2,0.07,0.31
11/09/2013,24.1,6.95,230,8.6,4.92,3.83,0.07,0.25
11/10/2013,24.4,7.08,233,9.2,5.42,4.26,0.07,0.27
11/11/2013,23.9,6.96,239,11.9,4.68,4.17,0.06,0.28
11/12/2013,23.2,6.98,237,11,3.03,3.78,0.07,0.4
11/13/2013,22.8,6.91,221,11.2,2.91,3.72,0.07,0.41
11/14/2013,22.5,6.94,228,17.9,2.9,3.74,0.09,0.39
11/15/2013,22.2,7,239,15.8,3.38,2.65,0.09,0.41
11/16/2013,22.1,7.06,241,17.4,3.5,2.66,0.1,0.39
11/17/2013,21.9,7.01,233,17,3.41,2.48,0.09,0.42
11/18/2013,21.6,6.96,230,14.2,3.4,2.55,0.09,0.4
11/19/2013,21.3,7.04,228,15.4,3.16,2.6,0.1,0.5
11/20/2013,21.1,7.17,227,12.1,2.94,2.46,0.09,0.5
11/21/2013,21.2,7.14,230,11.9,2.89,2.77,0.1,0.49
11/22/2013,20.9,7.06,237,10.3,3,2.04,0.1,0.49
11/23/2013,20.9,7.01,237,10.3,3.51,1.89,0.09,0.45
11/24/2013,20.7,7.03,238,12.2,3.83,2.5,0.07,0.41
11/25/2013,20.3,7,231,18.2,4.07,2.93,0.08,0.43
11/26/2013,20,7.04,226,21.2,3.82,2.46,0.08,0.4
11/27/2013,19.8,6.99,228,18.8,3.86,2.34,0.09,0.43
11/28/2013,19.5,6.92,220,15.8,3.8,2.32,0.08,0.48
11/29/2013,19.1,6.9,214,15.6,3.78,2.33,0.07,0.48
11/30/2013,18.9,6.94,211,16,3.75,2.36,0.07,0.45
12/01/2013,18.5,6.87,211,13.2,3.38,2.39,0.07,0.48
12/02/2013,18.2,6.9,214,10.5,3.41,2.68,0.07,0.5
12/03/2013,18.3,7.2,218,11.7,3.87,2.46,0.07,0.44
12/04/2013,18,7.14,219,8.9,4,3,0.08,0.43
12/05/2013,17.8,7.18,224,7.5,4.02,2.47,0.07,0.43
12/06/2013,17.8,7.16,225,5.7,4.17,2.61,0.07,0.41
12/07/2013,17.6,7.14,221,7.1,4.16,2.74,0.07,0.4
12/08/2013,17.8,7.2,227,11.6,4.39,3.07,0.07,0.34
12/09/2013,17.7,7.13,230,13.1,4.47,3.39,0.07,0.32
12/10/2013,17.3,7.06,223,13.8,4.31,2.54,0.08,0.36
12/11/2013,17,7.02,222,13.5,4.89,2.4,0.08,0.37
12/12/2013,17,7.04,220,12,5.47,2.69,0.09,0.35
12/13/2013,17.2,7.04,225,12.4,5.21,3.01,0.09,0.38
12/14/2013,16.9,7,215,12.1,5.25,2.98,0.08,0.39
12/15/2013,16.7,6.94,210,12.5,5.32,3.23,0.07,0.4
12/16/2013,16.3,6.98,207,16.9,5.4,2.87,0.09,0.53
12/17/2013,15.6,6.94,176,42.5,6.64,2.71,0.1,0.54
12/18/2013,14.9,6.98,157,55.1,7.8,2.8,0.12,0.58
12/19/2013,14.7,6.93,153,37.6,8.19,2.61,0.11,0.48
12/20/2013,14.6,6.96,155,31.1,8.41,2.68,0.11,0.43
12/21/2013,14.3,6.89,159,28.8,7.56,2.5,0.11,0.46
12/22/2013,14.3,6.97,168,21.4,8.08,2.2,0.11,0.36
12/23/2013,14.3,6.97,161,22.6,8.21,2.08,0.11,0.38
12/24/2013,14.1,6.83,158,23.1,7.21,2.4,0.1,0.48
12/25/2013,14.1,6.85,160,21.3,7.07,2.54,0.09,0.47
12/26/2013,14.1,6.82,160,19.2,7.36,2.63,0.09,0.45
12/27/2013,13.4,6.76,159,18.6,7.53,2.44,0.1,0.54
12/28/2013,13.2,6.83,160,23,7.9,2.55,0.1,0.56
12/29/2013,13.3,6.79,187,16.2,7.64,2.99,0.1,0.52
12/30/2013,13.1,6.84,182,15.8,7.88,2.52,0.1,0.51
12/31/2013,12.9,6.78,175,13.7,7.69,2.57,0.1,0.55
01/01/2014,12.7,6.8,170,17.2,8.03,2.56,0.1,0.49
01/02/2014,12.9,6.86,176,18.5,7.62,2.75,0.09,0.53
01/03/2014,13.8,6.78,179,11.4,7.14,3.24,0.08,0.65
01/04/2014,13.4,6.75,173,11.7,7.41,2.7,0.08,0.56
01/05/2014,13.3,6.7,171,15.1,7.34,2.39,0.08,0.58
01/06/2014,13.3,6.72,165,15.5,8.09,2.32,0.08,0.47
01/07/2014,13.8,7.11,166,10.2,7.98,2.56,0.07,0.49
01/08/2014,14.1,7.24,171,7.5,8,2.68,0.07,0.56
01/09/2014,13.8,7.23,165,6.8,7.54,2.32,0.07,0.56
01/10/2014,13.7,7.2,162,6.3,7.38,2.11,0.07,0.57
01/11/2014,13.7,7.22,165,3.5,7.25,2.12,0.07,0.58
01/12/2014,14.6,7,171,,,2.47,0.07,0.51
01/13/2014,14,7.03,170,12,7.47,2.13,0.06,0.39
01/14/2014,13.5,7.1,180,11.1,8.29,2.14,0.06,0.59
01/15/2014,13.3,7.18,189,14.9,8.23,2.14,0.07,0.57
01/16/2014,13.2,7.1,172,12.1,7.76,2.42,0.09,0.64
01/17/2014,13.4,7.12,164,13.9,7.63,2.38,0.09,0.61
01/18/2014,13.6,7.12,172,10.9,7.77,2.6,0.08,0.57
01/19/2014,12.9,7.07,170,9.8,7.56,2.3,0.08,0.53
01/20/2014,13.5,6.53,,92.8,11.83,1.38,0.02,
01/21/2014,11.9,6.48,,93,11.99,1.54,0.02,
01/22/2014,13.5,7.13,175,2.8,7.67,2.92,0.07,0.7
01/23/2014,13.1,7.19,175,5.3,7.74,3.16,0.08,0.75
01/24/2014,13.7,7.25,178,5,8.28,2.67,0.07,0.65
01/25/2014,13.5,7.19,182,4.6,8.05,2.65,0.06,0.57
01/26/2014,13.6,7.16,185,6.9,8.22,2.57,0.06,0.63
01/27/2014,13.9,7.07,187,4.8,7.57,2.78,0.06,0.61
01/28/2014,14.5,7.18,201,3.5,7.9,3.63,0.07,0.57
01/29/2014,13.9,7.03,196,4.9,7.37,3.26,0.07,0.56
01/30/2014,15.4,7.11,209,5.1,8.77,3.88,0.07,0.5
01/31/2014,16.3,7.43,223,9.1,11.07,4.91,0.08,0.32
02/01/2014,16.6,7.49,218,8.8,11.89,5.2,0.07,0.27
02/02/2014,16.4,7.42,192,7.8,,5.2,0.07,0.24
02/03/2014,17.8,7.87,180,7.5,10.39,4.49,0.07,0.36
02/04/2014,16.5,7.63,174,4.3,9.48,3.86,0.06,0.32
02/05/2014,15.3,7.3,167,2.2,8.54,3.27,0.06,0.42
02/06/2014,16.4,7.36,174,3.9,9.03,4.12,0.07,0.42
02/07/2014,16.4,7.37,167,3.9,8.79,4.13,0.07,0.43
02/08/2014,15,7.13,156,1.7,6.92,2.81,0.07,0.58
02/09/2014,14.7,7.06,145,2.2,6.69,2.6,0.07,0.57
02/10/2014,13.6,7.05,156,11.1,6.9,2.07,0.11,0.59
02/11/2014,13.7,7.13,156,10.2,6.94,1.88,0.1,0.56
02/12/2014,13.9,7.13,155,5.4,6.88,2.14,0.11,0.62
02/13/2014,13.3,7.15,147,4.5,6.95,2.33,0.1,0.62
02/14/2014,12.8,7.05,145,4.8,7.2,2.12,0.08,0.44
02/15/2014,13.3,7.05,157,5.7,6.93,2.04,0.08,0.49
02/16/2014,13.3,7.11,151,5.9,6.81,2.06,0.08,0.41
02/17/2014,13.9,7.13,148,4.5,6.93,2.37,0.08,0.39
02/18/2014,13.2,7.13,138,5.8,7.29,2.32,0.08,0.34
02/19/2014,12.4,7.14,130,5.4,7.64,1.94,0.08,0.27
02/20/2014,12.5,7.15,128,5.6,7.54,2.12,0.07,0.27
02/21/2014,12.9,7.08,127,4.2,7.42,2.29,0.06,0.26
02/22/2014,13.7,7.03,131,2.2,7.26,2.56,0.06,0.29
02/23/2014,14.7,7.07,134,1.2,7.21,2.97,0.07,0.3
02/24/2014,14.8,7.07,137,2.6,7.22,3.21,0.07,0.29
02/25/2014,15.7,7.12,150,2.4,7.02,4.21,0.08,0.29
02/26/2014,15.4,7.06,152,2.7,6.91,3.51,0.08,0.28
02/27/2014,16,6.96,158,1.5,6.82,4.39,0.08,0.29
02/28/2014,16.5,7.02,163,1.8,6.92,3.66,0.09,0.45
03/01/2014,16.8,7.07,167,2.1,6.84,3.44,0.1,0.54
03/02/2014,15.8,7.06,167,4,6.92,3.05,0.1,0.55
03/03/2014,15.2,6.96,166,2,5.8,2.95,0.11,0.55
03/04/2014,15.3,6.98,171,4.9,5.36,2.63,0.12,0.61
03/05/2014,15.7,6.98,171,5.3,5.38,2.83,0.1,0.66
03/06/2014,14.9,6.87,164,3.3,5.26,3.11,0.11,0.73
03/07/2014,14.4,6.92,162,5.1,5.45,2.9,0.11,0.71
03/08/2014,14.1,6.84,162,8.6,5.7,2.93,0.12,0.63
03/09/2014,14.3,7.01,156,17.1,6.03,3,0.11,0.61
03/10/2014,14.7,6.94,157,9.7,6.09,3.26,0.1,0.63
03/11/2014,14.7,6.83,157,8.3,6,3.33,0.11,0.75
03/12/2014,14.7,6.87,154,21,6.28,3.39,0.1,0.62
03/13/2014,15.1,6.94,155,16.6,6.39,3.32,0.1,0.55
03/14/2014,15,6.97,140,20.7,6.68,3.37,0.11,0.53
03/15/2014,15.3,6.92,140,23,6.9,3.06,0.1,0.54
03/16/2014,15.3,6.91,147,16.8,6.66,2.86,0.09,0.48
03/17/2014,15.8,6.87,149,14.1,6.5,2.71,0.09,0.43
03/18/2014,16.3,6.82,141,12.1,6.35,2.76,0.09,0.42
03/19/2014,17.4,6.77,142,9.7,6.06,2.93,0.08,0.43
03/20/2014,17.3,6.68,147,12.9,5.63,3.17,0.08,0.51
03/21/2014,16.6,6.73,147,7.8,5.51,2.83,0.07,0.49
03/22/2014,16.6,6.75,149,7.7,5.9,2.72,0.08,0.45
03/23/2014,17.4,7,154,7,6.09,2.34,0.08,0.41
03/24/2014,17.9,7.1,158,7.2,5.85,2.73,0.07,0.44
03/25/2014,18.7,7.06,162,5,5.75,2.93,0.08,0.34
03/26/2014,19.5,7.06,171,4.3,5.49,3.42,0.09,0.34
03/27/2014,19.3,7.08,162,4.9,5.47,2.81,0.09,0.37
03/28/2014,20.1,7.01,177,10,5.45,2.98,0.09,0.4
03/29/2014,20,6.93,164,31.5,5.56,3.05,0.1,0.41
03/30/2014,19.9,6.86,159,32.9,5.53,2.79,0.09,0.41
03/31/2014,19.7,6.79,149,43,5.85,3.27,0.1,0.38
04/01/2014,19.3,6.8,150,31.5,5.71,3.25,0.09,0.37
04/02/2014,19.7,6.78,157,23.1,5.81,3.05,0.1,0.39
04/03/2014,19.9,6.81,175,21.1,5.42,3.29,0.1,0.36
04/04/2014,20,6.74,150,27.4,5.65,3.31,0.1,0.33
04/05/2014,20.4,6.76,149,20.2,5.84,3.36,0.09,0.31
04/06/2014,20,6.84,145,19.3,6.36,3.27,0.08,0.28
04/07/2014,19.2,6.85,147,16.7,6.58,2.92,0.09,0.28
04/08/2014,19.5,6.87,151,16.9,6.59,2.96,0.09,0.28
04/09/2014,20.9,6.96,165,13.1,6.97,3.25,0.09,0.29
04/10/2014,22.7,6.92,170,11.8,6.78,3.51,0.08,0.33
04/11/2014,23.5,6.93,191,8.1,6.61,4.63,0.07,0.34
04/12/2014,23.8,6.96,177,5.3,6.46,3.99,0.08,0.32
04/13/2014,24.5,6.86,187,6,6.97,4.62,0.08,0.29
04/14/2014,24.5,7.13,191,9.8,6.98,3.45,0.08,0.32
04/15/2014,23.6,6.97,185,9.8,6.66,3.52,0.08,0.35
04/16/2014,24.1,6.95,182,10.7,6.65,3.92,0.08,0.3
04/17/2014,25.4,7.09,188,10.5,6.23,4.47,0.07,0.31
04/18/2014,25.9,7.22,196,8.5,5.78,4.59,0.07,0.33
04/19/2014,27.1,7.22,205,10.8,5.69,5.56,0.07,0.27
04/20/2014,26.2,7.21,196,9.3,6.23,4.89,0.08,0.32
04/21/2014,25.8,7.23,200,7,6.4,4.02,0.08,0.34
04/22/2014,25.3,7.12,201,8,6.37,4.25,0.08,0.3
04/23/2014,24,7.05,196,10.5,6.06,2.94,0.09,0.3
04/24/2014,23.1,6.96,193,43.5,6.07,3.18,0.1,0.4
04/25/2014,22.4,6.93,154,166,6.72,3.97,0.09,0.31
04/26/2014,22.2,6.95,133,201.3,7.18,3.65,0.11,0.32
04/27/2014,22.4,6.83,124,180.6,7.22,3.06,0.1,0.27
04/28/2014,23,6.78,120,97.4,6.44,3.16,0.09,0.27
04/29/2014,23.6,6.75,127,42.4,6.07,2.59,0.09,0.26
04/30/2014,22.7,6.79,133,40.2,6.5,2.47,0.09,0.27
05/01/2014,23.1,6.78,137,36.1,5.99,2.34,0.08,0.26
05/02/2014,23.9,6.83,146,27.2,5.82,2.73,0.08,0.26
05/03/2014,24.4,6.96,144,23,5.7,2.81,0.07,0.26
05/04/2014,24.3,6.92,135,25.7,5.71,2.36,0.06,0.21
05/05/2014,23,6.86,124,57.7,7.07,2.5,0.08,0.19
05/06/2014,22.6,6.84,118,52.9,7.06,2.78,0.08,0.19
05/07/2014,22.3,6.83,123,47.7,6.58,2.75,0.09,0.19
05/08/2014,23,6.85,124,37.8,6.36,3.09,0.08,0.19
05/09/2014,22.9,6.75,114,43.5,6.38,3.06,0.08,0.19
05/10/2014,23.6,6.83,115,40,6.81,3.13,0.09,0.23
05/11/2014,24.6,6.83,117,31.9,6.84,3.32,0.1,0.22
05/12/2014,24.7,6.79,120,31.6,6.86,2.99,0.09,0.13
05/13/2014,25.3,6.69,118,29.3,6.55,3.13,0.09,0.19
05/14/2014,25.9,6.65,121,26.6,6.05,3.03,0.09,0.19
05/15/2014,25.7,6.69,116,87.7,5.95,3.52,0.09,0.16
05/16/2014,25.8,6.67,105,64.7,6.22,3.3,0.1,0.16
05/17/2014,25.7,6.63,108,71.5,6.18,3.26,0.1,0.2
05/18/2014,25.9,6.72,108,69,6.15,3.19,0.1,0.16
05/19/2014,26,6.73,95,152.6,6.36,2.35,0.11,0.13
05/20/2014,26.2,6.78,95,231.2,6.49,4.08,0.14,0.13
05/21/2014,25.8,6.84,95,185.2,7,3.89,0.11,0.14
05/22/2014,24.5,6.93,87,468.8,7.13,6.85,0.29,0.15
05/23/2014,24.5,6.79,81,488.6,7.78,3.21,0.05,0.11
05/24/2014,25.6,6.73,79,302.9,7.72,3.23,0.04,0.07
05/25/2014,26.5,6.7,79,159.3,6.98,3.45,0.04,0.07
05/26/2014,26.6,6.85,82,270.5,6.81,3.87,0.13,0.12
05/27/2014,26.4,6.84,77,256.9,7.29,5.04,0.12,0.12
05/28/2014,26.5,6.84,79,175.7,6.66,4.6,0.08,0.11
05/29/2014,26.5,6.76,76,131.8,6.81,4.13,0.07,0.12
05/30/2014,26.2,6.84,80,97.8,6.31,4.26,0.08,0.14
05/31/2014,26.7,6.98,81,144.6,7.2,4.39,0.09,0.15
06/01/2014,27.5,7.02,85,96.7,7.41,3.83,0.08,0.14
06/02/2014,27.5,7.06,85,102.6,7.36,4.41,0.09,0.14
06/03/2014,27.4,7.05,85,66.5,7.8,0.92,0.08,0.12
06/04/2014,27.6,6.94,106,73.9,7.39,2.9,0.08,0.15
06/05/2014,27.3,6.84,108,62.2,7.49,2.45,0.09,0.21
06/06/2014,27,6.78,106,57.4,7.29,2.49,0.08,0.12
06/07/2014,26.7,6.81,104,62.1,7.39,2.78,0.08,0.15
06/08/2014,26.9,6.9,105,66.6,7.47,2.64,0.07,0.15
06/09/2014,27.2,6.86,104,72.5,7.56,3.03,0.08,0.18
06/10/2014,27.5,6.82,106,53.3,7.31,3.01,0.07,0.17
06/11/2014,27.7,6.85,111,42.9,7.26,3.06,0.03,0.16
06/12/2014,28,6.98,117,36,7.05,2.89,0.04,0.12
06/13/2014,27.9,6.98,117,39,6.86,2.62,0.08,0.15
06/14/2014,28.2,6.97,121,36.2,7.37,2.69,0.08,0.15
06/15/2014,28.2,6.92,125,31.6,6.77,3.1,0.08,0.14
06/16/2014,28.2,6.94,126,31.2,7.15,2.81,0.07,0.14
06/17/2014,28.1,6.95,129,33,7.25,2.79,0.07,0.15
06/18/2014,27.8,7.03,127,45.5,7,3.13,0.07,0.14
06/19/2014,27.4,7.07,118,52.1,7.34,3.41,0.07,0.14
06/20/2014,27.3,7.04,114,92.4,7.12,3.77,0.08,0.27
06/21/2014,27.7,7.09,121,57.1,7.4,3.82,0.07,0.15
06/22/2014,27.7,7.29,125,48.5,7.18,3.28,0.09,0.36
06/23/2014,27.5,7.26,118,45.2,6.87,3.5,0.07,0.14
06/24/2014,27.3,7.22,115,50.8,7.01,3.71,0.08,0.16
06/25/2014,27.4,7.16,104,173.9,8.76,4.51,0.09,0.15
06/26/2014,27.7,7.1,103,125.1,8.8,3.76,0.06,0.12
06/27/2014,27.9,6.81,104,78.1,8.31,3.35,0.07,0.28
06/28/2014,28.3,7.1,109,73,7.81,3.33,0.08,0.42
06/29/2014,28.6,7.05,103,92.7,7.71,3.64,0.07,0.12
06/30/2014,28.8,7,103,141.6,7.49,3.57,0.07,0.14
07/01/2014,29.4,7.01,112,61.4,7.34,3.79,0.06,0.15
07/02/2014,29.4,6.92,101,55.4,7.51,3.66,0.06,0.11
07/03/2014,29.3,6.83,118,48.5,5.79,2.99,0.09,0.73
07/04/2014,30,6.86,126,34.9,5.29,2.1,0.06,0.27
07/05/2014,30.1,6.98,124,44.2,5.96,1.71,0.06,0.18
07/06/2014,30.5,6.99,127,37.6,5.54,1.84,0.05,0.15
07/07/2014,30.8,6.94,129,31.4,5.97,1.88,0.05,0.2
07/08/2014,30.1,6.89,133,26.3,5.37,2.85,0.05,0.17
07/09/2014,28,6.74,131,24.9,5.42,2.68,0.06,0.18
07/10/2014,28,6.77,128,21.5,5.6,2.84,0.06,0.18
07/11/2014,28.5,6.87,135,22.3,5.58,2.84,0.06,0.19
07/12/2014,28.6,6.8,134,19.5,5.48,2.97,0.06,0.19
07/13/2014,28.5,6.82,136,19.6,5.64,3.26,0.07,0.19
07/14/2014,27.4,6.8,136,25.1,5.82,3.3,0.07,0.17
07/15/2014,27.7,6.77,136,21.4,6,3.14,0.05,0.17
07/16/2014,27.6,6.83,130,22.1,6,3.04,0.06,0.18
07/17/2014,28,6.8,137,26.3,5.71,3.19,0.06,0.2
07/18/2014,28.1,6.8,133,21.5,5.7,3.1,0.06,0.21
07/19/2014,27.7,6.77,133,23.2,5.61,2.73,0.05,0.2
07/20/2014,,,,,,,,
07/21/2014,29.1,6.79,136,19.2,6.34,3.2,0.06,0.18
07/22/2014,28.7,6.81,126,18.1,6.02,3.47,0.06,0.19
07/23/2014,27.7,6.79,117,22.9,5.57,3.08,0.06,0.19
07/24/2014,26.6,6.88,103,98.5,5.94,3.29,0.08,0.19
07/25/2014,26.5,6.78,90,87.3,6.47,3.35,0.06,0.19
07/26/2014,26.8,6.7,93,50.8,6.17,3.23,0.05,0.2
07/27/2014,27.6,6.68,97,31.8,6.09,3.25,0.06,0.18
07/28/2014,27.3,6.68,106,23.2,6.02,3.36,0.05,0.19
07/29/2014,27.4,6.67,101,20.5,5.9,3.45,0.05,0.22
07/30/2014,27.9,6.61,103,23.1,5.71,3.61,0.06,0.26
07/31/2014,28.2,6.63,109,19.8,5.51,3.67,0.06,0.23
08/01/2014,28.3,6.66,114,16.4,5.92,3.58,0.06,0.2
08/02/2014,28,6.68,116,14,6.08,3.52,0.06,0.18
08/03/2014,28.2,6.7,118,12.1,6.49,3.46,0.05,0.19
08/04/2014,28.6,6.77,118,11.2,6.91,3.9,0.05,0.18
08/05/2014,29.1,6.83,122,11.6,7.35,4.11,0.05,0.17
08/06/2014,28.9,6.81,118,10.6,7.08,4.23,0.05,0.15
08/07/2014,29.1,6.74,116,8.3,6.5,3.88,0.04,0.16
08/08/2014,29.2,6.73,112,8.8,6.24,3.81,0.04,0.17
08/09/2014,28.7,6.62,115,10.4,5.69,3.5,0.04,0.16
08/10/2014,28.7,6.65,115,12.6,5.27,3.41,0.04,0.17
08/11/2014,28.2,6.71,118,36.8,5.42,3.67,0.07,0.21
08/12/2014,27.8,6.78,121,52.6,5.46,3.57,0.08,0.21
08/13/2014,28,6.82,120,44.8,5.64,3.5,0.07,0.22
08/14/2014,27.8,6.86,114,80.6,6.04,3.92,0.07,0.22
08/15/2014,27.3,6.81,113,41.5,6.03,3.35,0.07,0.19
08/16/2014,27.7,6.77,114,40.7,5.74,3.41,0.05,0.21
08/17/2014,27.4,6.74,116,33.1,5.42,3.04,0.06,0.21
08/18/2014,27.5,6.73,119,32.8,5.55,3.34,0.07,0.19
08/19/2014,27.1,6.78,116,117,5.97,3.52,0.07,0.19
08/20/2014,25.4,6.69,85,496.5,7.94,3.49,0.03,0.22
08/21/2014,25.3,6.8,82,482.7,8.11,3.44,0.03,0.2
08/22/2014,25.7,6.65,83,261,7.79,3.37,0.04,0.22
08/23/2014,26.6,7,98,123.3,6.93,3.67,0.07,0.22
08/24/2014,26.8,6.63,97,133.3,6.37,3.02,0.08,0.26
08/25/2014,26.7,6.63,97,116.3,6.51,2.58,0.07,0.21
08/26/2014,27.2,6.62,105,86.5,6.41,2.12,0.07,0.21
08/27/2014,27.7,6.62,108,75.6,6.3,1.89,0.06,0.16
08/28/2014,27.9,6.65,109,93.7,6.56,2.03,0.06,0.15
08/29/2014,27.2,6.56,95,316.1,6.5,2.87,0.1,0.16
08/30/2014,27.4,6.55,94,115,6.32,2.43,0.06,0.16
08/31/2014,27.4,6.54,94,87.3,6.1,2.6,0.06,0.16
09/01/2014,27.7,6.55,98,47.6,5.99,2.31,0.06,0.15
09/02/2014,28.2,6.62,106,42.1,6.07,2.1,0.06,0.15
09/03/2014,27.4,6.56,107,38.2,5.97,2.24,0.07,0.15
09/04/2014,27.4,6.5,93,36.8,5.92,2.26,0.06,0.15
09/05/2014,27.4,6.67,88,32.5,6.18,2.2,0.06,0.15
09/06/2014,27.5,6.74,90,28,6.01,2.5,0.06,0.17
09/07/2014,28.2,6.76,96,23.2,6.16,2.56,0.06,0.16
09/08/2014,28.1,6.76,92,23,6.21,2.61,0.06,0.15
09/09/2014,28,6.68,91,26.5,6.24,2.48,0.06,0.15
09/10/2014,28.2,6.69,92,24.7,6.23,2.34,0.06,0.15
09/11/2014,28.4,6.68,87,19.3,6.57,2.24,0.06,0.14
09/12/2014,28.4,6.66,84,18.6,6.26,2.56,0.06,0.15
09/13/2014,28.8,7.07,84,14.1,6.98,2.8,0.05,0.15
09/14/2014,28.5,6.78,68,15.4,6.35,2.31,0.05,0.15
09/15/2014,28.2,6.76,55,18,6.04,2.3,0.05,0.14
09/16/2014,28.2,6.81,55,17.7,5.67,2.23,0.06,0.15
09/17/2014,28,6.71,84,19.3,5.81,2.13,0.05,0.15
09/18/2014,28.8,6.76,173,16,5.96,2.78,0.05,0.17
09/19/2014,28.9,6.79,163,12.6,6.52,3.2,0.05,0.16
09/20/2014,27.6,6.71,140,16.2,6.39,2.14,0.05,0.17
09/21/2014,27,6.65,138,21.3,6.1,1.98,0.06,0.19
09/22/2014,26.8,6.63,140,18.5,6.02,2.27,0.05,0.19
09/23/2014,26.9,6.66,142,15.5,6.18,2.17,0.05,0.19
09/24/2014,26.8,6.63,147,15.3,6.12,2.52,0.06,0.19
09/25/2014,27.2,6.58,142,14.3,5.83,2.82,0.06,0.2
09/26/2014,27.4,6.72,145,12,6.92,3.08,0.05,0.18
09/27/2014,27.4,6.69,149,8.4,6.94,2.94,0.05,0.18
09/28/2014,27.2,6.68,144,7.7,6.99,2.16,0.05,0.16
09/29/2014,27.5,6.67,145,6.5,7.53,3.34,0.05,0.16
09/30/2014,27.6,6.72,154,8.8,7.53,3.17,0.05,0.15
10/01/2014,27.1,6.64,156,7.9,7,2.76,0.05,0.15
10/02/2014,26.9,6.66,157,8.7,6.86,3.08,0.05,0.15
10/03/2014,26.9,6.6,156,10.8,6.26,2.72,0.05,0.16
10/04/2014,26.5,6.65,152,10.4,6.85,2.73,0.05,0.15
10/05/2014,26.1,6.69,157,7.2,6.71,3.66,0.05,0.16
10/06/2014,25.9,6.7,157,7.5,7.01,3.57,0.06,0.15
10/07/2014,25.6,6.73,164,8.4,7.2,3.63,0.05,0.17
10/08/2014,25.4,6.8,165,7.5,7.27,2.69,0.05,0.17
10/09/2014,25.4,6.75,164,9,7.33,3.01,0.05,0.16
10/10/2014,25.6,6.8,166,7.3,7.61,3.78,0.05,0.17
10/11/2014,25.7,6.76,167,7.6,7.48,3.9,0.05,0.18
10/12/2014,25.3,6.77,168,8.2,7.49,4.07,0.05,0.18
10/13/2014,24.9,6.74,165,8.1,7.32,2.76,0.05,0.19
10/14/2014,24.3,6.72,166,7.8,7.29,2.98,0.05,0.21
10/15/2014,23.9,6.73,167,7.2,7.34,3.56,0.05,0.21
10/16/2014,24,6.74,175,8.5,7.29,3.63,0.05,0.21
10/17/2014,23.6,6.7,175,8.8,7.17,2.4,0.05,0.22
10/18/2014,23.8,6.7,182,10.5,6.96,2.66,0.05,0.23
10/19/2014,23.7,6.65,178,11,6.61,2.12,0.05,0.25
10/20/2014,24.1,6.61,177,14.3,6.06,1.93,0.06,0.26
10/21/2014,24.8,6.69,192,10,6.07,4.07,0.06,0.28
10/22/2014,24.7,6.75,192,7.2,7.05,3.68,0.06,0.27
10/23/2014,24.1,6.69,186,3.6,6.84,2.92,0.06,0.28
10/24/2014,23.6,6.65,182,3.5,6.4,2.95,0.05,0.28
10/25/2014,23.8,6.7,188,5.7,6.22,3.77,0.05,0.28
10/26/2014,23.8,6.73,190,4.2,6.39,3.84,0.05,0.27
10/27/2014,24.1,6.86,178,4.6,6.2,3.14,0.06,0.27
10/28/2014,23.6,6.88,181,3.9,5.76,3.02,0.06,0.27
10/29/2014,23.5,6.85,204,5.5,5.84,3.14,0.06,0.27
10/30/2014,23.8,6.85,224,6.2,6.07,3.14,0.06,0.28
10/31/2014,24,6.93,206,3.5,6.59,3.33,0.06,0.25
11/01/2014,24.7,6.92,217,4.3,6.34,3.68,0.06,0.25
11/02/2014,23.2,6.82,203,4.3,6.18,3.16,0.06,0.25
11/03/2014,22.4,6.79,196,8.5,6.21,2.57,0.05,0.26
11/04/2014,22.2,6.8,296,5.3,6.32,2.88,0.05,0.27
11/05/2014,21.9,6.77,304,4.8,6.39,2.66,0.05,0.28
11/06/2014,21.9,6.87,315,7.4,6.47,2.71,0.06,0.27
11/07/2014,21.5,6.92,323,8.2,6.73,2.75,0.06,0.28
11/08/2014,20.6,6.9,337,7.6,6.99,2.74,0.06,0.29
11/09/2014,20.8,6.9,372,6.4,6.72,3.14,0.06,0.29
11/10/2014,20.8,6.9,400,7,6.72,3.53,0.06,0.28
11/11/2014,20.5,6.93,354,7.2,6.9,3.21,0.06,0.29
11/12/2014,20,6.9,320,7.3,6.92,2.78,0.06,0.29
11/13/2014,19.7,6.85,166,10.6,6.69,2.77,0.07,0.3
11/14/2014,19.6,6.87,151,12.2,6.01,2.65,0.06,0.32
11/15/2014,19,6.81,149,13.5,5.94,2.37,0.06,0.34
11/16/2014,19.3,6.88,138,10.4,6.17,2.3,0.06,0.34
11/17/2014,19.1,6.9,113,10.5,6.38,2.64,0.07,0.35
11/18/2014,18.9,6.87,79,11.4,6.65,2.4,0.07,0.34
11/19/2014,18.7,6.86,67,11,7.21,2.45,0.09,0.35
11/20/2014,18.5,6.79,60,14.1,7.55,2.7,0.09,0.38
11/21/2014,19.1,6.93,60,9.2,7.92,3.36,0.08,0.39
11/22/2014,19.3,6.86,58,8,7.78,3.37,0.08,0.41
11/23/2014,19.9,6.85,59,5.9,7.59,3.68,0.08,0.38
11/24/2014,20.6,7.01,62,5.6,8.25,3.89,0.08,0.35
11/25/2014,20.4,6.96,65,5,7.73,3.77,0.08,0.34
11/26/2014,19.6,6.84,60,3,7.26,3.35,0.07,0.39
11/27/2014,19.9,6.91,62,3.8,7.28,3.56,0.07,0.37
11/28/2014,20.5,6.97,65,2.9,7.52,4.08,0.08,0.34
11/29/2014,20.8,6.96,65,3.7,7.42,3.75,0.08,0.35
11/30/2014,20.7,6.91,70,5.4,7.68,4.08,0.08,0.39
12/01/2014,19.4,6.88,64,7,7.32,3.43,0.07,0.43
12/02/2014,18.7,6.82,64,9.5,7.29,3.51,0.06,0.45
12/03/2014,18.3,6.83,59,6.2,7.01,3.59,0.06,0.51
12/04/2014,17.3,6.89,59,11.7,7.6,3.31,0.06,0.47
12/05/2014,16.9,6.88,62,9.8,7.94,3.03,0.06,0.38
12/06/2014,16.6,6.81,58,12.9,8.11,3.13,0.06,0.36
12/07/2014,16.5,6.79,53,15.3,7.96,3.3,0.06,0.4
12/08/2014,16.8,6.85,55,11.7,8.08,3.06,0.07,0.41
12/09/2014,16.3,6.84,54,11,8.03,2.65,0.08,0.39
12/10/2014,16.2,6.84,49,11.4,8.39,1.95,0.1,0.6
12/11/2014,16.4,6.97,141,15.7,6.67,1.97,0.09,0.47
12/12/2014,16.7,6.91,236,16.9,5.06,2.28,0.08,0.55
12/13/2014,16.2,6.88,270,11.3,5.25,2.52,0.07,0.55
12/14/2014,16,6.91,282,9.1,5.3,2.24,0.07,0.57
12/15/2014,16.2,6.88,298,9.9,5.11,2.57,0.07,0.58
12/16/2014,15.9,6.92,316,11.8,5.42,3.59,0.06,0.53
12/17/2014,15.2,6.93,321,10.4,5.54,3.23,0.06,0.5
12/18/2014,14.7,6.92,326,8.7,5.51,2.96,0.07,0.48
12/19/2014,14.4,6.81,326,5.1,5.53,3.13,0.08,0.45
12/20/2014,14.7,6.94,245,8,6.08,2.87,0.07,0.35
12/21/2014,14.2,6.98,243,7.7,6.19,3.21,0.07,0.36
12/22/2014,13.9,7.02,255,9.3,6.39,3.8,0.07,0.53
12/23/2014,13.7,6.89,233,7,6.28,3.53,0.07,0.64
12/24/2014,14.6,6.98,236,4,6.27,4.14,0.08,0.7
12/25/2014,14.7,6.94,231,4.7,6.26,4.64,0.08,0.67
12/26/2014,14.5,6.8,198,5.5,6.1,2.93,0.08,0.67
12/27/2014,14.2,6.82,177,6.6,5.92,2.86,0.08,0.7
12/28/2014,13.8,6.81,161,6.1,6.06,2.94,0.08,0.67
12/29/2014,13.3,6.78,147,6.1,6.31,2.41,0.08,0.69
12/30/2014,13.1,6.81,157,9.3,6.43,1.96,0.08,0.75
12/31/2014,13,6.81,162,6.4,6.53,2.07,0.11,0.75
01/01/2015,13.2,6.79,161,7.2,6.33,2.63,0.09,0.71
01/02/2015,13.1,6.75,167,10.9,6.36,2.81,0.08,0.69
01/03/2015,13.4,6.79,179,9.4,6.33,2.71,0.09,0.73
01/04/2015,13.6,6.77,184,7.4,6.26,2.77,0.09,0.74
01/05/2015,13.8,6.8,194,7.8,6.22,3.29,0.09,0.79
01/06/2015,14.8,6.82,190,6.3,5.94,3.62,0.09,0.85
01/07/2015,13.8,6.83,168,8,5.57,2.66,0.09,0.84
01/08/2015,13.3,6.74,165,7.5,5.72,2.3,0.09,0.84
01/09/2015,13.4,6.85,172,12.2,5.88,2.92,0.09,0.85
01/10/2015,13.5,6.84,148,10.9,5.96,3.18,0.1,0.87
01/11/2015,13.7,6.79,131,8.5,5.93,3.56,0.1,0.88
01/12/2015,13.5,6.81,130,7.4,6.14,3.27,0.09,0.86
01/13/2015,12.9,6.82,161,4.9,6.49,3.2,0.08,0.79
01/14/2015,13.2,6.81,181,10.5,6.29,2.51,0.08,0.88
01/15/2015,13.4,6.74,188,9.7,6.49,2.82,0.09,0.95
01/16/2015,13.3,6.73,183,13.1,6.47,3.02,0.09,0.63
01/17/2015,13.5,6.78,177,11.2,6.29,3.21,0.09,0.82
01/18/2015,13.6,6.81,184,11.1,6.16,3.59,0.09,0.84
01/19/2015,13.7,6.71,183,8.7,6,4.13,0.1,0.83
01/20/2015,13.7,6.74,178,6.5,5.88,3.57,0.09,0.79
01/21/2015,14.3,6.75,181,6.7,5.87,3.59,0.1,0.73
01/22/2015,13.8,6.71,175,10.4,6.05,2.67,0.1,0.58
01/23/2015,13.8,6.81,184,8.6,5.83,3.8,0.1,0.71
01/24/2015,13.9,6.71,187,7.6,5.45,3.69,0.1,0.78
01/25/2015,14.7,6.79,196,7.7,5.57,3.13,0.1,0.73
01/26/2015,14.9,6.7,184,5.9,5.76,2.91,0.09,0.59
01/27/2015,15.4,6.73,188,5.6,6.54,3.76,0.1,0.54
01/28/2015,15.5,6.76,187,5,7.38,2.49,0.1,0.61
01/29/2015,16.3,6.74,198,4.5,7.39,2.97,0.1,0.62
01/30/2015,15.1,6.83,186,4.6,7.49,2.87,0.1,0.63
01/31/2015,14.6,6.78,182,3.5,7.65,3.24,0.09,0.61
02/01/2015,14.5,6.76,178,2.8,7.91,3.13,0.08,0.64
02/02/2015,14.8,6.74,185,3.2,7.85,3.16,0.09,0.66
02/03/2015,14.9,6.79,187,3.3,7.61,2.39,0.09,0.62
02/04/2015,14.8,6.98,206,9.1,7.8,2.46,0.11,0.62
02/05/2015,14.7,7.04,229,11.6,7.53,2.64,0.1,0.71
02/06/2015,15.1,6.97,241,6,7.69,3.28,0.09,0.64
02/07/2015,14.8,6.95,226,5.2,8.11,2.65,0.09,0.56
02/08/2015,15.1,6.95,203,6.3,8.07,2.72,0.09,0.55
02/09/2015,15.2,7,201,4.6,7.89,2.73,0.08,0.55
02/10/2015,14.8,6.92,186,3.7,7.85,2.6,0.08,0.57
02/11/2015,14.9,6.87,173,2.5,7.86,2.75,0.08,0.59
02/12/2015,15.3,7.03,170,5.6,7.92,2.65,0.07,0.59
02/13/2015,15.3,7.05,168,8,7.77,2.75,0.07,0.61
02/14/2015,15.5,7.1,172,8.9,7.63,2.93,0.08,0.55
02/15/2015,15.4,7.09,164,5.7,7.65,2.4,0.08,0.52
02/16/2015,16.1,7.07,170,6.4,7.62,2.32,0.08,0.53
02/17/2015,16.6,7.04,169,7.5,7.6,2.87,0.09,0.5
02/18/2015,16.6,7.08,162,5.8,7.75,2.99,0.09,0.47
02/19/2015,16.6,7.04,144,8.1,7.81,2.66,0.09,0.49
02/20/2015,16.5,7.05,144,7,7.7,2.96,0.08,0.37
02/21/2015,16.6,7.01,141,8.7,7.99,3.02,0.08,0.19
02/22/2015,17.3,7.04,132,5.5,7.78,2.58,0.09,0.13
02/23/2015,17.5,7.03,135,6.3,7.68,2.68,0.09,0.13
02/24/2015,17.7,6.96,132,7.5,7.35,2.47,0.1,0.13
02/25/2015,19,6.95,136,4.8,7.61,3.06,0.1,0.13
02/26/2015,20.1,6.91,135,8.1,7.13,2.82,0.1,0.14
02/27/2015,18.9,6.87,131,6.2,7.21,2.15,0.1,0.14
02/28/2015,18.8,6.9,134,3.8,7.98,2.8,0.1,0.17
03/01/2015,17.8,6.93,130,7.8,7.89,2.42,0.09,0.12
03/02/2015,17.4,6.91,124,6.2,7.52,2,0.09,0.12
03/03/2015,17.3,6.89,131,8.2,7.56,2.13,0.1,0.12
03/04/2015,16.9,6.91,130,6.5,7.7,1.78,0.08,0.12
03/05/2015,16.2,6.83,130,5.1,7.58,1.59,0.08,0.11
03/06/2015,16,6.86,133,6,7.69,1.84,0.09,0.11
03/07/2015,16,6.91,136,11.3,7.93,1.95,0.1,0.12
03/08/2015,16.3,6.85,136,6.5,7.93,2.08,0.1,0.16
03/09/2015,17.7,6.88,149,7.7,7.62,2.56,0.1,0.23
03/10/2015,17,6.9,156,5.1,8.08,2.93,0.11,0.22
03/11/2015,16.1,6.89,163,7.4,8.66,1.81,0.1,0.24
03/12/2015,16.4,6.93,167,8.5,8.63,1.97,0.09,0.22
03/13/2015,16.9,6.92,154,6,8.53,2.5,0.09,0.24
03/14/2015,16.9,6.91,152,5.5,8.44,2.82,0.09,0.22
03/15/2015,17.3,6.92,166,6.2,8.32,3.46,0.09,0.24
03/16/2015,18,6.87,149,6.3,8.25,3.21,0.09,0.25
03/17/2015,19.8,6.86,160,4.4,8.1,3.41,0.09,0.26
03/18/2015,20.5,6.76,162,4.9,7.64,3.74,0.1,0.35
03/19/2015,21.7,6.76,168,6.8,7.26,4.24,0.1,0.54
03/20/2015,22.2,6.74,172,6.6,7.11,3.76,0.1,0.52
03/21/2015,22.2,6.75,180,3.1,7.12,3.21,0.11,0.54
03/22/2015,,,,,,,,
03/23/2015,19.2,6.63,172,7.1,7.71,2.66,0.09,0.48
03/24/2015,19.1,6.66,165,9.1,7.56,2.45,0.08,0.42
03/25/2015,18.9,6.67,156,9.5,7.63,2.3,0.08,0.44
03/26/2015,18.4,6.7,157,6.2,7.79,2.33,0.08,0.43
03/27/2015,19.1,6.71,164,6.8,7.62,2.57,0.07,0.43
03/28/2015,20,6.72,155,8.4,7.61,2.41,0.08,0.42
03/29/2015,20.8,6.63,132,8.7,8.21,2.89,0.08,0.51
03/30/2015,21.2,6.8,176,7,8.68,4.52,0.08,0.44
03/31/2015,14,4.58,110,4.1,5.84,2.27,0.05,0.25
04/01/2015,22.8,7.2,128,7.8,8.35,2.47,0.1,0.35
04/02/2015,22.2,7.11,177,5.1,6.18,3.18,0.1,0.3
04/03/2015,22.8,7.05,180,7.2,6.27,2.62,0.09,0.35
04/04/2015,23.8,7.08,188,5.6,6.51,3.11,0.09,0.32
04/05/2015,24.6,7.18,194,5.1,7.12,3.41,0.09,0.2
04/06/2015,24.3,7.09,201,6.2,7.62,3.05,0.08,0.17
04/07/2015,23,7.21,207,5.2,8.32,3.56,0.08,0.1
04/08/2015,21,6.96,203,6.8,6.61,2.38,0.08,0.17
04/09/2015,19.9,6.88,201,8,6.51,2.44,0.08,0.26
04/10/2015,19.5,6.92,202,8.7,5.78,2.94,0.08,0.38
04/11/2015,19.4,6.85,188,9.3,5.6,3.06,0.08,0.39
04/12/2015,17.3,5.99,156,9.9,4.66,2.66,0.08,0.34
04/13/2015,19.6,6.83,184,9.6,7.07,3.98,0.09,0.44
04/14/2015,19.5,6.97,183,6.4,7.8,4.76,0.09,0.45
04/15/2015,20.1,7.06,190,7.8,7.09,4.63,0.09,0.38
04/16/2015,21,6.96,190,5.5,5.35,4.24,0.08,0.37
04/17/2015,21,7.02,199,7,5.3,4.34,0.08,0.35
04/18/2015,23,6.85,210,10.6,5.63,2.79,0.02,
04/19/2015,23.3,6.83,204,10.1,5.76,2.75,0.04,0.08
04/20/2015,21.4,6.9,202,14.3,5.63,3.32,0.09,0.34
04/21/2015,19.3,7,197,11.9,5.66,3.9,0.09,0.34
04/22/2015,20.1,6.94,199,8.9,5.56,3.79,0.08,0.4
04/23/2015,20,6.96,200,8.9,5.64,4.05,0.07,0.39
04/24/2015,19.6,6.9,197,5.6,5.53,3.88,0.07,0.36
04/25/2015,20,6.93,225,14.3,5.61,3.87,0.07,0.37
04/26/2015,20.6,6.88,217,8.3,5.61,4.69,0.07,0.36
04/27/2015,23.6,,187,16.9,5.61,4.22,0.08,0.39
04/28/2015,20.5,,218,18.1,4.83,4.21,0.09,0.45
04/29/2015,21.3,,208,,4.71,3.84,0.09,0.49
04/30/2015,22.1,7.12,196,3.1,5.32,3.89,0.08,0.54
05/01/2015,22.4,7.07,182,4.9,5.02,4.57,0.11,0.67
05/02/2015,22.4,7.07,192,10.9,4.45,4.73,0.12,0.63
05/03/2015,23.4,7.09,193,6.6,4.02,5.05,0.1,0.76
05/04/2015,22.6,7.12,197,7.8,4.69,4.54,0.08,0.69
05/05/2015,21.4,7,187,17.1,4.41,3.77,0.09,0.61
05/06/2015,21.2,7.05,165,36.2,5.17,2.92,0.09,0.76
05/07/2015,22.7,7.03,164,26.2,5.38,2.02,0.07,0.63
05/08/2015,23.9,7.03,154,27.4,5.06,2.64,0.1,0.31
05/09/2015,24.1,7.05,143,39.7,5.23,1.99,0.08,0.39
05/10/2015,23.9,6.99,136,39.2,5.21,2.3,0.08,0.46
05/11/2015,23.9,6.98,134,,5.34,2.76,0.08,0.38
05/12/2015,23.8,7.02,139,,5.63,2.6,0.08,0.29
05/13/2015,24,7.01,129,,5.68,2.27,0.07,0.23
05/14/2015,25.5,7,137,,5.07,3,0.08,0.27
05/15/2015,25.4,6.97,132,,5,2.7,0.07,0.24
05/16/2015,25.1,6.95,137,,4.91,2.89,0.06,0.25
05/17/2015,25.7,6.95,136,,4.84,2.9,0.06,0.24
05/18/2015,25.7,6.99,139,29.8,4.65,2.78,0.08,0.33
05/19/2015,25.1,7.03,126,304.9,5.37,3.09,0.09,0.42
05/20/2015,24.7,6.94,75,313.2,6.66,2.69,0.07,0.37
05/21/2015,24,6.62,50,40.1,6.69,1.97,0.02,
05/22/2015,22,6.8,67,284.1,7.63,1.8,0.03,
05/23/2015,21.9,7.03,79,547.1,9.38,4.87,,
05/24/2015,22.6,6.94,84,547.3,9.11,4.53,,
05/25/2015,23.1,6.85,83,546,8.91,4.33,,
05/26/2015,23.2,6.88,84,505.6,9.01,3.91,0.06,0.14
05/27/2015,23.4,6.87,87,523.2,9.44,5.14,0.06,0.32
05/28/2015,24.1,6.88,83,534.6,9.45,5.33,0.06,0.21
05/29/2015,25,6.84,80,457.8,9.28,5.08,0.05,0.18
05/30/2015,24.8,6.78,80,394.4,8.91,5.02,0.05,0.18
05/31/2015,24.5,7.03,85,403.8,9.66,5.55,0.07,0.18
06/01/2015,24.9,7.05,82,322.7,9.59,5.12,0.05,0.16
06/02/2015,25.5,6.87,80,256.2,9.11,4.8,0.04,0.14
06/03/2015,25.3,6.87,81,208,9.15,4.53,0.05,0.13
06/04/2015,25.3,6.98,91,183.8,9.2,4.7,0.04,0.12
06/05/2015,24.7,6.88,83,208.6,9.57,5,0.05,0.13
06/06/2015,24.3,6.92,84,153.6,9.99,3.94,0.05,0.1
06/07/2015,25.4,6.92,88,114.2,9.33,3.49,0.03,0.05
06/08/2015,25.9,6.81,88,72.8,8.65,3.31,0.03,0.09
06/09/2015,26,6.81,90,71.7,8.16,3.4,0.03,0.13
06/10/2015,26.3,6.77,94,64.2,7.87,3.42,0.04,0.11
06/11/2015,26.1,6.79,95,85.7,8.12,3.61,0.04,
06/12/2015,26,6.87,93,85.2,9.23,3.52,0.04,
06/13/2015,26,6.95,89,101.7,9.16,3.58,0.03,
06/14/2015,26.5,6.93,77,105,9.27,3.82,0.03,
06/15/2015,26.8,6.95,78,93.1,9.23,3.29,0.03,
06/16/2015,27.8,6.89,82,70,8.78,1.7,0.03,
06/17/2015,28,6.84,81,55.7,8.57,1.72,0.04,
06/18/2015,28,6.87,80,46.3,8.12,1.82,0.03,
06/19/2015,27.7,6.83,87,37,7.79,1.72,0.04,
06/20/2015,27.8,6.78,87,33.2,7.43,1.83,0.04,
06/21/2015,28.3,6.8,88,31.8,7.56,1.98,0.03,
06/22/2015,28.2,6.87,88,32.9,7.57,0.82,0.03,
06/23/2015,28,6.89,89,29.9,7.53,0.57,0.04,0.37
06/24/2015,28.2,6.89,91,26,7.56,1.98,0.04,0.06
06/25/2015,28.2,6.86,86,23.8,7.61,3.93,0.03,0.06
06/26/2015,28.4,6.84,86,23.8,7.4,4.18,0.03,0.06
06/27/2015,28.8,6.79,87,23.3,7.22,4.46,0.04,0.06
06/28/2015,28.7,6.79,86,21.4,7.02,4.58,0.04,0.06
06/29/2015,29.1,6.75,87,18.6,6.77,4.13,0.04,0.09
06/30/2015,29.3,6.72,86,19.6,6.72,4.05,0.04,0.09
07/01/2015,29.3,6.7,84,18.2,6.75,4.07,0.04,0.08
07/02/2015,28.5,6.7,83,22.7,6.94,4.02,0.04,0.08
07/03/2015,27.8,6.68,74,228.4,7.51,4.18,0.06,0.1
07/04/2015,26.3,6.78,58,482.7,10.92,5,0.02,0.06
07/05/2015,26.2,6.8,57,193.3,10.94,4.58,0.02,
07/06/2015,26.2,6.73,59,86.2,9.92,4.31,0.03,0.09
07/07/2015,26.1,6.72,61,55.2,9.85,4.11,0.02,0.09
07/08/2015,25.7,7.09,64,58.6,9.8,2.58,0.04,0.08
07/09/2015,26.4,7.06,67,45.4,9.31,2.21,0.06,0.1
07/10/2015,27,6.97,68,35.2,9,2.17,0.05,0.09
07/11/2015,27.2,6.98,70,37.3,8.74,2.08,0.05,0.08
07/12/2015,27.4,6.93,69,32.4,8.38,2.02,0.05,0.09
07/13/2015,27.8,6.86,70,25,8.31,2.15,0.05,0.09
07/14/2015,28.5,6.88,73,20.2,8.37,3.07,0.05,0.06
07/15/2015,28.9,6.82,72,19.4,8.05,3.58,0.05,0.12
07/16/2015,29.2,6.73,71,20.8,7.78,3.7,0.05,0.13
07/17/2015,29.3,6.78,71,28.6,7.9,3.45,0.05,0.1
07/18/2015,29.3,6.78,74,37.4,7.82,3.83,0.04,0.1
07/19/2015,29.4,6.76,68,48,8.08,4.17,0.04,0.11
07/20/2015,28.9,6.82,72,47.4,8.17,4.26,0.04,0.09
07/21/2015,28.2,6.74,69,51.5,8.03,4.52,0.05,0.12
07/22/2015,27.4,6.77,65,208.9,8.86,4.48,0.07,0.12
07/23/2015,26.5,6.72,57,535,11.58,,,0.1
07/24/2015,26.5,6.86,47,356.7,10.52,5.63,0.03,0.08
07/25/2015,27.1,7.15,55,140.4,8.02,4.96,0.03,0.07
07/26/2015,27.5,7.08,56,71.9,7.03,4.79,0.03,0.08
07/27/2015,28,7.06,59,52.9,6.74,3.24,0.03,0.1
07/28/2015,28.1,6.98,63,37.8,6.34,1.69,0.03,0.11
07/29/2015,27.9,6.99,60,33.4,6.35,1.39,0.03,0.1
07/30/2015,28,6.93,64,28.2,6.13,1.59,0.03,0.12
07/31/2015,28.5,6.97,70,25.3,5.88,1.48,0.04,0.1
08/01/2015,29.1,6.9,69,18.7,5.8,1.61,0.03,0.12
08/02/2015,29.3,6.81,67,14.9,5.77,1.58,0.02,0.11
08/03/2015,29.6,6.77,68,17.6,5.52,1.61,0.02,0.1
08/04/2015,29.9,6.7,68,19.7,5.12,1.7,0.03,0.09
08/05/2015,29.4,6.8,69,33.4,5.13,2.62,0.03,0.07
08/06/2015,29.3,6.85,69,32.8,5.23,2.61,0.03,
08/07/2015,29,6.79,69,35.9,4.93,3.15,0.04,
08/08/2015,28.1,6.8,65,53.8,5.31,3.23,0.04,
08/09/2015,27,7,64,143.6,6.1,3.5,0.05,
08/10/2015,26.4,6.94,59,106.8,6.62,3.89,0.04,
08/11/2015,26.5,6.87,56,58.2,6.89,3.69,0.05,
08/12/2015,26.6,6.95,60,47.5,7.17,3.47,0.06,
08/13/2015,26.7,6.96,58,35.9,6.97,3.57,0.05,
08/14/2015,26.5,6.93,54,60.2,6.82,3.87,0.05,
08/15/2015,26.5,6.88,53,86.4,7.03,4.03,0.05,
08/16/2015,26.8,6.85,52,63.3,7.16,3.57,0.04,
08/17/2015,27,6.87,56,72.9,7.14,3.78,0.04,
08/18/2015,27.2,6.72,33,12,7.38,3.28,0.01,
08/19/2015,25.6,6.55,21,76.7,7.96,3.48,0.01,
08/20/2015,25.8,6.56,27,40.2,7.15,3.42,0.01,
08/21/2015,25.8,6.47,26,34,6.12,3.24,0.03,
08/22/2015,26.4,6.45,22,69.5,7.14,2.8,0.08,
08/23/2015,25.3,6.42,19,99.9,8.92,2.74,0.11,
08/24/2015,25.8,6.5,28,31.6,7.05,2.59,0.12,
08/25/2015,25.1,6.49,22,100.7,8.35,2.68,0.12,
08/26/2015,25.4,6.57,27,26.3,7.09,3.27,0.06,
08/27/2015,27.2,6.84,43,53.3,7.24,3.87,0.06,
08/28/2015,27.9,6.82,61,12.6,6.16,3.86,0.07,
08/29/2015,27.3,6.75,61,12.7,6.18,3.16,0.07,
08/30/2015,26.9,6.76,62,18.1,6.2,3.28,0.07,
08/31/2015,26.7,6.73,62,18.5,6.38,3.35,0.07,
09/01/2015,26.2,6.71,60,22.6,6.52,3.11,0.08,
09/02/2015,25.9,6.7,58,95.6,7.41,3.57,0.09,
09/03/2015,25.9,6.76,56,147,8.64,3.61,0.07,
09/04/2015,25.9,6.71,56,110.7,8.19,3.78,0.07,
09/05/2015,26,6.7,56,71.2,7.99,3.88,0.06,
09/06/2015,26.2,6.68,53,52.7,7.3,3.49,0.07,
09/07/2015,26.5,6.71,58,43.1,7.08,3.64,0.07,
09/08/2015,26.9,6.68,58,26,6.88,3.5,0.07,
09/09/2015,27.2,6.64,59,19.6,6.54,3.6,0.06,0.06
09/10/2015,27.2,6.74,61,23.2,6.43,3.33,0.06,0.07
09/11/2015,27.2,6.72,60,19.6,6.57,3.5,0.06,0.07
09/12/2015,27.2,6.77,62,18.6,6.51,3.35,0.06,0.06
09/13/2015,26.4,6.78,64,37.1,6.36,3.35,0.06,0.06
09/14/2015,26.1,6.74,63,32.5,6.37,3.28,0.05,0.06
09/15/2015,26.2,6.76,66,22.4,6.44,3.19,0.05,0.07
09/16/2015,26.2,6.76,64,18.9,6.33,3.17,0.05,0.06
09/17/2015,26.2,6.76,63,16.2,6.54,3.31,0.05,0.06
09/18/2015,26.5,6.78,66,12.4,6.8,3.22,0.05,0.06
09/19/2015,26.2,6.76,63,10.3,6.54,3.24,0.05,0.06
09/20/2015,25.7,6.7,62,18,6.36,3.14,0.05,0.06
09/21/2015,25.1,6.76,58,63.2,6.78,3.4,0.06,0.07
09/22/2015,25,6.78,62,54.8,6.59,3.88,0.07,0.07
09/23/2015,25.5,6.73,60,31.5,6.3,3.78,0.06,0.06
09/24/2015,25.7,6.68,57,22.1,6.22,3.86,0.07,0.06
09/25/2015,25.9,6.71,62,25.9,5.82,4.05,0.06,0.07
09/26/2015,25.8,6.75,64,26.7,5.74,4.25,0.07,0.07
09/27/2015,26,6.76,65,23,6.37,4.4,0.06,0.07
09/28/2015,26,6.89,69,25.5,6.32,3.05,0.07,0.07
09/29/2015,26,7.13,76,40.3,6.74,2.35,0.08,0.07
09/30/2015,26.1,7.16,71,35,7.33,2,0.07,0.07
10/01/2015,26,7.19,69,36.3,7.55,1.85,0.08,0.07
10/02/2015,25.6,7.2,68,25.8,7.7,1.79,0.07,0.06
10/03/2015,25.5,7.09,65,18.8,7.41,1.76,0.06,0.06
10/04/2015,25.7,7.09,67,21.4,7.19,2.04,0.07,0.07
10/05/2015,25.7,7.01,68,27.5,7.41,2.08,0.06,0.07
10/06/2015,26,7,69,25.4,7.25,2.05,0.06,0.07
10/07/2015,25.9,6.96,69,24.6,7.28,1.93,0.06,0.07
10/08/2015,25.7,6.94,69,22.3,7.17,1.99,0.06,0.07
10/09/2015,25.2,6.94,84,22.2,7.36,2.08,0.06,0.06
10/10/2015,24.8,6.92,100,16.9,7.17,2.21,0.06,0.06
10/11/2015,24.6,6.93,102,14.2,7.24,2.21,0.06,0.06
10/12/2015,24.1,6.93,118,11.2,7.38,2.22,0.06,0.06
10/13/2015,20.5,6.03,116,12.4,6.4,1.95,0.04,0.06
10/14/2015,23,7.18,22,72.6,9.94,2.66,0.05,0.06
10/15/2015,24.2,6.94,129,17.3,7.02,2.82,0.05,0.07
10/16/2015,23.9,6.96,128,13.4,7.11,2.51,0.05,0.07
10/17/2015,23.7,6.96,127,14,7.33,2.53,0.05,0.07
10/18/2015,23.6,6.96,129,11.4,7.3,2.65,0.05,0.07
10/19/2015,23.6,6.89,129,11.4,7.24,2.67,0.05,0.07
10/20/2015,23.6,6.9,131,11.9,7.16,2.65,0.05,0.07
10/21/2015,24,6.92,131,12.3,7.18,2.84,0.05,0.07
10/22/2015,24,6.92,132,10.9,6.98,2.85,0.05,0.08
10/23/2015,24.2,6.95,130,11.4,7.3,2.44,0.06,
10/24/2015,24.8,7.07,137,7.3,7.95,2.11,0.06,
10/25/2015,25.1,7.14,141,8.8,8.48,3.24,0.06,
10/26/2015,25.1,7.26,135,8.9,8.05,2.59,0.05,
10/27/2015,25,7.1,136,7.2,6.88,3.52,0.05,0.05
10/28/2015,24.6,7,130,8.2,6.42,3.21,0.05,0.1
10/29/2015,24.7,7.01,129,5.2,6.51,3.46,0.06,0.14
10/30/2015,24.2,6.99,126,8.5,6.22,3.12,0.06,0.14
10/31/2015,23,6.97,121,29.5,6.33,3.11,0.07,0.24
11/01/2015,22.4,7.01,120,37.1,6.58,3.06,0.05,0.18
11/02/2015,21.9,6.93,117,18.4,6.41,3.18,0.06,0.35
11/03/2015,21.6,6.89,121,18.3,6.28,3.51,0.07,0.4
11/04/2015,21.6,6.92,126,13.5,6.06,3.62,0.08,0.38
11/05/2015,22.2,6.98,132,13.5,6.02,4,0.08,0.32
11/06/2015,22.7,7.05,135,12,6.07,3.9,0.1,0.48
11/07/2015,23.5,7.21,136,13.9,6.18,4.03,0.07,0.32
11/08/2015,23.8,7.19,138,10.2,6.18,4.28,0.07,0.3
11/09/2015,23.3,7.28,142,9.6,6.17,4.6,0.07,0.31
11/10/2015,22.4,7.23,140,11.6,6.33,4.09,0.07,0.26
11/11/2015,21.7,7.18,136,10.6,6.55,3.92,0.07,0.2
11/12/2015,21.5,7.18,132,14.3,6.61,3.84,0.06,0.18
11/13/2015,21.3,7.18,125,14.3,6.83,3.89,0.06,0.21
11/14/2015,21.2,7.15,120,14.2,7.15,3.89,0.06,0.2
11/15/2015,21.8,7.16,122,14.8,6.92,4.28,0.07,0.25
11/16/2015,22,7.12,120,16.2,6.92,4.56,0.07,0.24
11/17/2015,22.6,7.07,124,13.8,6.6,4.97,0.08,0.28
11/18/2015,22.8,7.08,128,10.5,6.59,4.07,0.07,0.23
11/19/2015,22.4,7.04,125,12.3,6.6,1.56,0.07,0.16
11/20/2015,22.4,7.06,126,11.3,6.66,1.55,0.08,0.14
11/21/2015,22.3,6.94,125,13.6,6.3,1.61,0.07,0.19
11/22/2015,22.5,6.92,124,15.5,6.29,1.55,0.07,0.16
11/23/2015,22.3,7.01,127,15.5,6.66,1.72,0.06,0.13
11/24/2015,22.4,6.95,120,13.2,6.74,1.58,0.04,0.15
11/25/2015,21.2,6.94,119,13.5,6.99,1.44,0.04,0.14
11/26/2015,19.7,6.95,120,12.9,7.42,1.5,0.02,0.14
11/27/2015,19.3,7,127,11.1,7.52,1.5,0.02,0.15
11/28/2015,19.5,6.99,127,12.9,7.48,1.47,0.03,0.16
11/29/2015,18.9,6.97,130,14.2,7.61,1.6,0.03,0.15
11/30/2015,19.1,7.08,130,14.5,7.66,1.91,0.04,0.2
12/01/2015,19.3,7.18,124,14.7,7.53,2.33,0.06,0.18
12/02/2015,19.1,7.28,130,10.6,7.51,2.42,0.06,0.24
12/03/2015,18.8,7.25,123,8.5,7.44,2.42,0.06,0.31
12/04/2015,18.6,7.15,122,14.4,7.46,3.12,0.06,0.28
12/05/2015,17.8,7.22,127,18.2,7.74,2.63,0.07,0.37
12/06/2015,16.9,7.14,121,24.9,8.07,2.54,0.08,0.4
12/07/2015,16.8,7.1,118,29.3,8.25,2.74,0.08,0.35
12/08/2015,16.8,7.12,114,22.1,8.28,2.74,0.06,0.32
12/09/2015,16.6,7.09,113,17.2,8.34,2.8,0.08,0.33
12/10/2015,16.8,7.04,106,53.9,8.79,2.71,0.07,0.32
12/11/2015,16.6,7.01,107,69.1,9.56,2.94,0.07,0.43
12/12/2015,16.7,7.07,110,52.6,9.56,2.72,0.07,0.2
12/13/2015,16.8,7.02,105,44.3,9.22,2.57,0.07,0.13
12/14/2015,16.7,6.95,104,37.1,8.74,2.59,0.07,0.24
12/15/2015,16.2,7,105,34.4,8.9,2.6,0.06,0.14
12/16/2015,15.8,6.96,100,31.9,8.94,2.45,0.05,0.11
12/17/2015,15,7,102,26.5,9.36,2.24,0.04,0.1
12/18/2015,14.5,7.02,102,23.5,9.27,2.21,0.04,0.13
12/19/2015,14.6,6.96,97,21.4,9.1,2.29,0.04,0.12
12/20/2015,14.9,7.05,101,23.2,9.04,2.29,0.05,0.15
12/21/2015,15.2,7.16,101,20.3,9.19,2.38,0.07,0.22
12/22/2015,15.5,7.45,110,28.7,9.29,2.55,0.06,0.13
12/23/2015,15.7,7.35,117,37,9.41,2.54,0.07,0.18
12/24/2015,16,7.5,119,66.6,9.42,2.69,0.07,0.17
12/25/2015,15.5,7.45,112,50.2,9.75,2.84,0.08,0.25
12/26/2015,15.2,7.66,119,95,9.56,2.64,0.09,0.18
12/27/2015,15.1,7.47,120,55.5,9.48,2.43,0.07,0.15
12/28/2015,15.5,7.31,117,39.1,9.22,2.68,0.08,0.19
12/29/2015,15.2,7.26,115,36.1,9.19,2.91,0.07,0.13
12/30/2015,15,7.18,115,34.4,9.35,2.89,0.06,0.15
12/31/2015,15,7.25,112,34.8,10.17,2.77,0.07,0.16
